path,before_cumulation,after_cumulation,length,plDDT
"C:/Users/olapr/topoly_tutorial/alphafold_swissprot/A0A096LP49_alphafold.pdb,""{'Unknown': 0.22, '9_43': 0.18, '10_127|10_150': 0.1, '3_1': 0.09, '9_20': 0.08, '7_6': 0.08, '5_2': 0.07}"",{'3_1': 0.61},1063,44.65919544498126"
"C:/Users/olapr/topoly_tutorial/alphafold_swissprot/A0A1B0GTU1_alphafold.pdb,""{'5_1': 0.2, '5_2': 0.15, '3_1': 0.13, 'Unknown': 0.09, '7_1': 0.06}"",{'5_1': 0.51},805,56.2014083828491"
"C:/Users/olapr/topoly_tutorial/alphafold_swissprot/A1L4H1_alphafold.pdb,""{'4_1': 0.24, 'TooManyCrossings': 0.15, '0_1': 0.12, '6_1': 0.1, '3_1#4_1': 0.06, '6_2': 0.06}"",{'4_1': 0.61},1573,52.7162641801312"
"C:/Users/olapr/topoly_tutorial/alphafold_swissprot/A1YPR0_alphafold.pdb,""{'6_1': 0.3, '6_2': 0.3, '4_1': 0.29}"",{'4_1': 0.97},619,55.618685890834236"
"C:/Users/olapr/topoly_tutorial/alphafold_swissprot/A4D1E1_alphafold.pdb,""{'3_1': 0.2, '0_1': 0.2, '6_3': 0.15, '3_1#4_1': 0.08}"",{'3_1': 0.73},1349,43.178240074731804"
"C:/Users/olapr/topoly_tutorial/alphafold_swissprot/A6NCI8_alphafold.pdb,""{'8_11': 0.24, '7_6': 0.14, '4_1': 0.13, '0_1': 0.09, '5_2': 0.08, 'Unknown': 0.07}"",{'5_2': 0.55},922,42.70202929465285"
"C:/Users/olapr/topoly_tutorial/alphafold_swissprot/A6NE01_alphafold.pdb,""{'8_14': 0.24, '6_2': 0.2, '0_1': 0.14, '3_1': 0.09, '4_1': 0.08}"",{'6_2': 0.53},2351,48.86626793740138"
"C:/Users/olapr/topoly_tutorial/alphafold_swissprot/A6NF01_alphafold.pdb,""{'3_1': 0.36, '3_1#3_1': 0.23, '5_2': 0.17, '5_1': 0.15}"",{'3_1': 0.95},834,46.19256532877873"
"C:/Users/olapr/topoly_tutorial/alphafold_swissprot/A6NKT7_alphafold.pdb,""{'3_1': 0.37, '5_1': 0.18, '5_2': 0.17, '0_1': 0.12, '3_1#3_1': 0.07}"",{'3_1': 0.86},1758,67.16416115107891"
"C:/Users/olapr/topoly_tutorial/alphafold_swissprot/A6NM62_alphafold.pdb,""{'6_2': 0.25, '4_1': 0.22, '6_1': 0.08, '0_1': 0.07}"",{'4_1': 0.88},1247,44.46010323886639"
"C:/Users/olapr/topoly_tutorial/alphafold_swissprot/A6NMS7_alphafold.pdb,""{'TooManyCrossings': 0.33, 'Unknown': 0.26, '9_43': 0.14, '10_14': 0.09, '11n_16': 0.06}"",{'0_1': 0.0},1700,41.97540946486531"
"C:/Users/olapr/topoly_tutorial/alphafold_swissprot/A6NNC1_alphafold.pdb,""{'3_1': 0.21, '7_3': 0.17, '10_128': 0.1, '5_2': 0.09, 'Unknown': 0.09, '7_4': 0.07}"",{'5_2': 0.57},897,44.001922785768414"
"C:/Users/olapr/topoly_tutorial/alphafold_swissprot/A7XYQ1_alphafold.pdb,""{'3_1': 0.31, '0_1': 0.26, '5_2': 0.19, '5_1': 0.11}"",{'3_1': 0.72},873,53.00715561028152"
"C:/Users/olapr/topoly_tutorial/alphafold_swissprot/A8CG34_alphafold.pdb,""{'5_2': 0.25, '3_1': 0.19, '0_1': 0.11, '8_15': 0.11, '5_1': 0.06}"",{'5_2': 0.52},1229,43.57582067558342"
"C:/Users/olapr/topoly_tutorial/alphafold_swissprot/A8K0R7_alphafold.pdb,""{'5_2': 0.26, '3_1': 0.23, '7_4': 0.09, '0_1': 0.09}"",{'5_2': 0.53},811,49.88416788916025"
"C:/Users/olapr/topoly_tutorial/alphafold_swissprot/B1AK53_alphafold.pdb,""{'3_1': 0.39, '0_1': 0.27, '5_1': 0.14, '5_2': 0.06}"",{'3_1': 0.66},854,68.30996741660105"
"C:/Users/olapr/topoly_tutorial/alphafold_swissprot/B2RTY4_alphafold.pdb,""{'9_27': 0.39, 'Unknown': 0.29, 'TooManyCrossings': 0.18}"",{'3_1': 0.5},2548,58.99159344931555"
"C:/Users/olapr/topoly_tutorial/alphafold_swissprot/B4DYI2_alphafold.pdb,""{'4_1#4_1': 0.28, '0_1': 0.24, 'TooManyCrossings': 0.1}"",{'4_1': 0.52},1134,41.228817536630416"
"C:/Users/olapr/topoly_tutorial/alphafold_swissprot/C9JG80_alphafold.pdb,""{'0_1': 0.25, '3_1#3_1': 0.21, '3_1': 0.13, '5_2': 0.06}"",{'3_1': 0.69},1138,44.65380776132804"
"C:/Users/olapr/topoly_tutorial/alphafold_swissprot/E5RHQ5_alphafold.pdb,""{'3_1#3_1': 0.39, '3_1': 0.32, '3_1#4_1': 0.07, '0_1': 0.06}"",{'3_1': 0.92},1161,40.47398570643228"
"C:/Users/olapr/topoly_tutorial/alphafold_swissprot/O00512_alphafold.pdb,""{'3_1#3_1': 0.15, '5_2': 0.14, 'Unknown': 0.13, '11a_169|11a_36': 0.08, 'TooManyCrossings': 0.07, '7_2': 0.06}"",{'3_1': 0.64},1426,43.13151973936353"
"C:/Users/olapr/topoly_tutorial/alphafold_swissprot/O14497_alphafold.pdb,""{'0_1': 0.35, '3_1': 0.15, 'Unknown': 0.13}"",{'3_1': 0.49},2285,47.75496849791017"
"C:/Users/olapr/topoly_tutorial/alphafold_swissprot/O14513_alphafold.pdb,""{'11a_143': 0.35, 'Unknown': 0.35, 'TooManyCrossings': 0.22}"",{'0_1': 0.0},1909,44.06018616111096"
"C:/Users/olapr/topoly_tutorial/alphafold_swissprot/O14559_alphafold.pdb,""{'3_1': 0.32, '0_1': 0.17, '5_2': 0.14, '6_3': 0.12}"",{'3_1': 0.8},1287,54.06995862639665"
"C:/Users/olapr/topoly_tutorial/alphafold_swissprot/O14578_alphafold.pdb,""{'0_1': 0.28, '5_2': 0.17, '3_1': 0.12, '5_1': 0.06}"",{'3_1': 0.57},2027,70.15278243193306"
"C:/Users/olapr/topoly_tutorial/alphafold_swissprot/O14594_alphafold.pdb,""{'TooManyCrossings': 0.22, 'Unknown': 0.21, '9_7': 0.18, '9_16': 0.14, '7_5': 0.13}"",{'7_5': 0.51},1321,59.467592205984566"
"C:/Users/olapr/topoly_tutorial/alphafold_swissprot/O14974_alphafold.pdb,""{'7_2': 0.3, '5_2': 0.24, '9_15': 0.07, '7_4': 0.06}"",{'5_2': 0.85},1030,60.37264010887055"
"C:/Users/olapr/topoly_tutorial/alphafold_swissprot/O15047_alphafold.pdb,""{'0_1': 0.31, '4_1': 0.15, '6_1': 0.09}"",{'4_1': 0.57},1707,49.8682638252368"
"C:/Users/olapr/topoly_tutorial/alphafold_swissprot/O15054_alphafold.pdb,""{'TooManyCrossings': 0.22, 'Unknown': 0.19, '5_2': 0.1, '8_11': 0.08}"",{'0_1': 0.0},1643,58.26990927338403"
"C:/Users/olapr/topoly_tutorial/alphafold_swissprot/O15061_alphafold.pdb,""{'3_1': 0.34, '0_1': 0.27, '8_17': 0.13, '7_6': 0.06}"",{'3_1': 0.66},1565,50.00336598617037"
"C:/Users/olapr/topoly_tutorial/alphafold_swissprot/O15062_alphafold.pdb,""{'0_1': 0.32, '3_1': 0.32, '5_1': 0.19, '5_2': 0.1}"",{'3_1': 0.66},677,50.868147862919116"
"C:/Users/olapr/topoly_tutorial/alphafold_swissprot/O15078_alphafold.pdb,""{'0_1': 0.22, '6_3': 0.14, '3_1': 0.13, '9_33': 0.12, 'Unknown': 0.11, '3_1#7_7': 0.1}"",{'3_1': 0.62},2479,62.260129723354815"
"C:/Users/olapr/topoly_tutorial/alphafold_swissprot/O15085_alphafold.pdb,""{'4_1': 0.3, '4_1#4_1': 0.21, '6_1': 0.11, '9_37': 0.07, '3_1#4_1': 0.06, '6_2': 0.06}"",{'4_1': 0.9},1522,60.96944227504176"
"C:/Users/olapr/topoly_tutorial/alphafold_swissprot/O15090_alphafold.pdb,""{'3_1#3_1': 0.38, '3_1': 0.18, '3_1#4_1': 0.07}"",{'3_1': 0.88},1300,48.50051605736203"
"C:/Users/olapr/topoly_tutorial/alphafold_swissprot/O43166_alphafold.pdb,""{'Unknown': 0.22, '5_1': 0.21, '3_1': 0.11, '5_2': 0.08, '7_5': 0.08, '7_1': 0.06}"",{'5_1': 0.5},1804,55.67578748843638"
"C:/Users/olapr/topoly_tutorial/alphafold_swissprot/O43313_alphafold.pdb,""{'3_1': 0.39, '5_2': 0.38, '0_1': 0.08}"",{'3_1': 0.92},823,48.10753716871347"
"C:/Users/olapr/topoly_tutorial/alphafold_swissprot/O43593_alphafold.pdb,""{'0_1': 0.37, '3_1': 0.35, '3_1#3_1': 0.1}"",{'3_1': 0.57},1189,55.73266510486339"
"C:/Users/olapr/topoly_tutorial/alphafold_swissprot/O43847_alphafold.pdb,""{'3_1': 0.39, '0_1': 0.31, '5_1': 0.08}"",{'3_1': 0.67},1151,83.41184698275896"
"C:/Users/olapr/topoly_tutorial/alphafold_swissprot/O60292_alphafold.pdb,""{'0_1': 0.34, '3_1': 0.2, '6_2': 0.1, '6_3': 0.08, '3_1#3_1': 0.07}"",{'3_1': 0.64},1781,56.721427319851045"
"C:/Users/olapr/topoly_tutorial/alphafold_swissprot/O60346_alphafold.pdb,""{'3_1': 0.33, '5_1': 0.11, '5_2': 0.1, '7_3': 0.06, '0_1': 0.06, '7_5': 0.06}"",{'3_1': 0.86},1717,66.53535689482209"
"C:/Users/olapr/topoly_tutorial/alphafold_swissprot/O60641_alphafold.pdb,""{'3_1': 0.31, '0_1': 0.18, '5_1': 0.13, '7_6': 0.07, '4_1': 0.06}"",{'3_1': 0.75},907,55.732975384615266"
"C:/Users/olapr/topoly_tutorial/alphafold_swissprot/O60721_alphafold.pdb,""{'0_1': 0.34, '6_2': 0.24, '4_1': 0.1, '8_13': 0.1}"",{'4_1': 0.52},1099,55.5348791363532"
"C:/Users/olapr/topoly_tutorial/alphafold_swissprot/O75128_alphafold.pdb,""{'3_1': 0.26, '5_2': 0.11, '7_1': 0.08, '3_1#3_1': 0.08, '5_1': 0.06}"",{'3_1': 0.89},1261,50.281543631208535"
"C:/Users/olapr/topoly_tutorial/alphafold_swissprot/O75151_alphafold.pdb,""{'0_1': 0.39, '4_1': 0.12, '6_3': 0.11}"",{'0_1': 0.99},1096,62.83692733482574"
"C:/Users/olapr/topoly_tutorial/alphafold_swissprot/O75157_alphafold.pdb,""{'3_1': 0.24, '0_1': 0.22, '5_1': 0.1, 'Unknown': 0.08, '6_3': 0.06, '4_1': 0.06}"",{'3_1': 0.61},780,48.013019784172165"
"C:/Users/olapr/topoly_tutorial/alphafold_swissprot/O75363_alphafold.pdb,""{'0_1': 0.3, '5_2': 0.25, '7_2': 0.18}"",{'5_2': 0.61},584,50.71567167630058"
"C:/Users/olapr/topoly_tutorial/alphafold_swissprot/O75417_alphafold.pdb,""{'3_1': 0.34, '0_1': 0.32, '3_1#3_1': 0.07}"",{'3_1': 0.6},2590,59.48626740124982"
"C:/Users/olapr/topoly_tutorial/alphafold_swissprot/O94854_alphafold.pdb,""{'Unknown': 0.39, 'TooManyCrossings': 0.11, '5_2': 0.07}"",{'0_1': 0.0},1291,37.4885705256505"
"C:/Users/olapr/topoly_tutorial/alphafold_swissprot/O94913_alphafold.pdb,""{'Unknown': 0.39, '0_1': 0.22, '4_1': 0.08}"",{'0_1': 0.55},1555,48.264287119783866"
"C:/Users/olapr/topoly_tutorial/alphafold_swissprot/O95425_alphafold.pdb,""{'0_1': 0.27, '6_1': 0.17, '3_1': 0.1, '4_1': 0.1, '5_2': 0.06}"",{'4_1': 0.48},2214,53.86761174307626"
"C:/Users/olapr/topoly_tutorial/alphafold_swissprot/P02751_alphafold.pdb,""{'4_1': 0.26, '6_1': 0.12, '3_1#4_1': 0.09, '9_47': 0.06, '0_1': 0.06}"",{'4_1': 0.82},2477,70.33275732414172"
"C:/Users/olapr/topoly_tutorial/alphafold_swissprot/P05997_alphafold.pdb,""{'Unknown': 0.35, '0_1': 0.22, '11n_123': 0.09, 'TooManyCrossings': 0.07}"",{'0_1': 0.0},1499,53.10255250245325"
"C:/Users/olapr/topoly_tutorial/alphafold_swissprot/P08123_alphafold.pdb,""{'0_1': 0.26, '3_1': 0.15, '5_2': 0.13, '6_1': 0.06}"",{'3_1': 0.58},1366,54.99915479061651"
"C:/Users/olapr/topoly_tutorial/alphafold_swissprot/P08572_alphafold.pdb,""{'0_1': 0.33, '3_1': 0.28, '5_2': 0.15, '5_1': 0.11}"",{'3_1': 0.63},1712,48.392409240923975"
"C:/Users/olapr/topoly_tutorial/alphafold_swissprot/P0DKV0_alphafold.pdb,""{'5_2': 0.37, '0_1': 0.09, '7_2': 0.09, '3_1': 0.08, 'TooManyCrossings': 0.07, '7_4': 0.06, '8_14': 0.06}"",{'5_2': 0.7},1188,40.10331769071281"
"C:/Users/olapr/topoly_tutorial/alphafold_swissprot/P10070_alphafold.pdb,""{'Unknown': 0.17, '8_13': 0.15, '11n_96': 0.08, '3_1': 0.06, '6_3': 0.06, '8_16': 0.06}"",{'3_1': 0.58},1586,42.80897910650563"
"C:/Users/olapr/topoly_tutorial/alphafold_swissprot/P10636_alphafold.pdb,""{'3_1': 0.18, '5_2': 0.16, '0_1': 0.16, '5_1': 0.11, '4_1': 0.08, '7_3': 0.08}"",{'3_1': 0.64},758,49.34218073593069"
"C:/Users/olapr/topoly_tutorial/alphafold_swissprot/P12036_alphafold.pdb,""{'4_1': 0.39, '6_1': 0.2, '6_2': 0.19, '0_1': 0.06}"",{'4_1': 0.92},1026,54.338173296173565"
"C:/Users/olapr/topoly_tutorial/alphafold_swissprot/P12882_alphafold.pdb,""{'0_1': 0.38, '3_1': 0.34, '4_1': 0.07, '5_1': 0.06}"",{'3_1': 0.52},1939,74.39645829338512"
"C:/Users/olapr/topoly_tutorial/alphafold_swissprot/P15502_alphafold.pdb,""{'4_1': 0.3, '0_1': 0.22, '6_1': 0.22, '8_6': 0.07}"",{'4_1': 0.74},786,36.33061970667224"
"C:/Users/olapr/topoly_tutorial/alphafold_swissprot/P16112_alphafold.pdb,""{'6_3': 0.31, '0_1': 0.15, 'Unknown': 0.12, '3_1': 0.08, '8_7': 0.06}"",{'6_3': 0.55},2530,53.553094875422026"
"C:/Users/olapr/topoly_tutorial/alphafold_swissprot/P17927_alphafold.pdb,""{'5_2': 0.31, '0_1': 0.23, '7_3': 0.14, '6_1': 0.1, '3_1': 0.06}"",{'5_2': 0.53},2039,65.93656014797723"
"C:/Users/olapr/topoly_tutorial/alphafold_swissprot/P18146_alphafold.pdb,""{'4_1': 0.35, '0_1': 0.32, '6_1': 0.11, '3_1': 0.1}"",{'4_1': 0.5},543,50.40081107814074"
"C:/Users/olapr/topoly_tutorial/alphafold_swissprot/P18583_alphafold.pdb,""{'Unknown': 0.33, 'TooManyCrossings': 0.14, '4_1#5_2|9_12': 0.08}"",{'0_1': 0.0},2426,36.275484448786315"
"C:/Users/olapr/topoly_tutorial/alphafold_swissprot/P20810_alphafold.pdb,""{'5_2': 0.39, '0_1': 0.32, '3_1': 0.12}"",{'5_2': 0.48},708,59.506303414817125"
"C:/Users/olapr/topoly_tutorial/alphafold_swissprot/P21675_alphafold.pdb,""{'3_1': 0.32, '0_1': 0.3, '5_2': 0.09, '6_3': 0.07}"",{'3_1': 0.63},1872,63.12092657108419"
"C:/Users/olapr/topoly_tutorial/alphafold_swissprot/P23327_alphafold.pdb,""{'0_1': 0.28, '3_1': 0.24, '3_1#3_1': 0.1, '5_1': 0.09, '3_1#4_1': 0.06, '5_2': 0.06}"",{'3_1': 0.67},699,50.37704090667586"
"C:/Users/olapr/topoly_tutorial/alphafold_swissprot/P24928_alphafold.pdb,""{'0_1': 0.33, '3_1': 0.22, '5_2': 0.11, '5_1': 0.09}"",{'3_1': 0.58},1970,76.56338115828123"
"C:/Users/olapr/topoly_tutorial/alphafold_swissprot/P27987_alphafold.pdb,""{'5_1': 0.22, '3_1': 0.19, '6_2': 0.17, '0_1': 0.13}"",{'3_1': 0.78},946,56.57776663881931"
"C:/Users/olapr/topoly_tutorial/alphafold_swissprot/P29400_alphafold.pdb,""{'7_6': 0.23, '5_2': 0.23, '9_43': 0.1, '9_25': 0.09, 'Unknown': 0.06}"",{'5_2': 0.79},1685,49.04292004226815"
"C:/Users/olapr/topoly_tutorial/alphafold_swissprot/P39059_alphafold.pdb,""{'0_1': 0.38, '3_1': 0.18, '4_1': 0.09, '6_3': 0.07}"",{'0_1': 0.94},1388,56.0322628834963"
"C:/Users/olapr/topoly_tutorial/alphafold_swissprot/P42684_alphafold.pdb,""{'3_1': 0.31, '0_1': 0.26, '5_2': 0.15, '3_1#3_1': 0.13}"",{'3_1': 0.69},1182,62.270761387564924"
"C:/Users/olapr/topoly_tutorial/alphafold_swissprot/P42694_alphafold.pdb,""{'Unknown': 0.28, '3_1#5_2': 0.18, '3_1#3_1': 0.17, '3_1#5_1': 0.06}"",{'3_1#3_1': 0.55},1942,59.56241642912786"
"C:/Users/olapr/topoly_tutorial/alphafold_swissprot/P46100_alphafold.pdb,""{'3_1#4_1': 0.19, '4_1': 0.18, 'Unknown': 0.14, 'TooManyCrossings': 0.08}"",{'4_1': 0.58},2492,51.70281581875127"
"C:/Users/olapr/topoly_tutorial/alphafold_swissprot/P46531_alphafold.pdb,""{'Unknown': 0.32, 'TooManyCrossings': 0.19, '3_1#3_1': 0.14, '7_7': 0.07, '12n_250|12n_608': 0.06}"",{'0_1': 0.0},2555,57.4983311307295"
"C:/Users/olapr/topoly_tutorial/alphafold_swissprot/P46821_alphafold.pdb,""{'Unknown': 0.19, '6_1': 0.19, 'TooManyCrossings': 0.07, '6_2': 0.06}"",{'4_1': 0.64},2468,46.01709713082372"
"C:/Users/olapr/topoly_tutorial/alphafold_swissprot/P46934_alphafold.pdb,""{'4_1': 0.37, '0_1': 0.18, '6_1': 0.09, '6_2': 0.07}"",{'4_1': 0.8},1319,53.96812499999952"
"C:/Users/olapr/topoly_tutorial/alphafold_swissprot/P49790_alphafold.pdb,""{'5_2': 0.25, '7_2': 0.15, '3_1': 0.12, '5_1': 0.07, '3_1#3_1': 0.06, '7_6': 0.06}"",{'5_2': 0.68},1475,43.58097576766465"
"C:/Users/olapr/topoly_tutorial/alphafold_swissprot/P51816_alphafold.pdb,""{'Unknown': 0.23, '5_2': 0.16, '7_5': 0.14, 'TooManyCrossings': 0.1, '7_2': 0.06}"",{'5_2': 0.59},1311,49.97084784105453"
"C:/Users/olapr/topoly_tutorial/alphafold_swissprot/P51825_alphafold.pdb,""{'3_1': 0.36, '0_1': 0.32, '5_2': 0.11, '5_1': 0.07}"",{'3_1': 0.67},1210,52.66616026892178"
"C:/Users/olapr/topoly_tutorial/alphafold_swissprot/P51826_alphafold.pdb,""{'3_1': 0.31, '3_1#3_1': 0.16, '3_1#4_1': 0.12, '0_1': 0.07}"",{'3_1': 0.87},1226,52.23966994232037"
"C:/Users/olapr/topoly_tutorial/alphafold_swissprot/P52746_alphafold.pdb,""{'6_1': 0.25, '8_11': 0.15, 'Unknown': 0.07, '0_1': 0.06}"",{'6_1': 0.64},1687,60.71670872605681"
"C:/Users/olapr/topoly_tutorial/alphafold_swissprot/P54259_alphafold.pdb,""{'4_1#4_1': 0.37, 'Unknown': 0.27, '4_1#6_2': 0.11, '4_1': 0.08, '9_37': 0.06}"",{'4_1#4_1': 0.48},1190,49.13906084208132"
"C:/Users/olapr/topoly_tutorial/alphafold_swissprot/P55197_alphafold.pdb,""{'3_1': 0.37, '5_2': 0.2, '7_6': 0.1, '3_1#3_1': 0.1, '9_45': 0.06}"",{'3_1': 0.99},1068,50.720500754906624"
"C:/Users/olapr/topoly_tutorial/alphafold_swissprot/P55198_alphafold.pdb,""{'0_1': 0.39, '3_1': 0.27, '5_2': 0.1}"",{'3_1': 0.53},1093,51.23642502229624"
"C:/Users/olapr/topoly_tutorial/alphafold_swissprot/P57071_alphafold.pdb,""{'3_1': 0.36, '5_1': 0.17, '0_1': 0.16, '5_2': 0.06}"",{'3_1': 0.76},1507,49.756283379664616"
"C:/Users/olapr/topoly_tutorial/alphafold_swissprot/P78332_alphafold.pdb,""{'4_1': 0.33, '0_1': 0.26, '6_1': 0.17, '6_2': 0.12, '3_1': 0.07}"",{'4_1': 0.65},1123,50.08537315080545"
"C:/Users/olapr/topoly_tutorial/alphafold_swissprot/Q01668_alphafold.pdb,""{'3_1': 0.25, '0_1': 0.17, '5_2': 0.13, '8_19': 0.09, '5_1': 0.07, '7_2': 0.06}"",{'3_1': 0.79},2161,64.40896463768067"
"C:/Users/olapr/topoly_tutorial/alphafold_swissprot/Q02952_alphafold.pdb,""{'Unknown': 0.34, 'TooManyCrossings': 0.21, '3_1#6_2': 0.2, '8_11': 0.08}"",{'0_1': 0.0},1782,40.420538948937626"
"C:/Users/olapr/topoly_tutorial/alphafold_swissprot/Q03112_alphafold.pdb,""{'3_1': 0.36, '0_1': 0.28, '5_2': 0.17, '6_3': 0.06}"",{'3_1': 0.69},1230,51.10242289840134"
"C:/Users/olapr/topoly_tutorial/alphafold_swissprot/Q04721_alphafold.pdb,""{'3_1': 0.22, '0_1': 0.2, '4_1': 0.11, 'Unknown': 0.09, '6_2': 0.07, '5_2': 0.07}"",{'3_1': 0.56},2471,59.72854090785525"
"C:/Users/olapr/topoly_tutorial/alphafold_swissprot/Q07283_alphafold.pdb,""{'3_1': 0.36, '3_1#4_1': 0.3, '3_1#5_2': 0.1, 'Unknown': 0.06}"",{'3_1': 0.9},1943,62.79831868808393"
"C:/Users/olapr/topoly_tutorial/alphafold_swissprot/Q0VD83_alphafold.pdb,""{'3_1': 0.37, '7_6': 0.09, '0_1': 0.08, '3_1#3_1': 0.07}"",{'3_1': 0.86},1097,41.430887464562396"
"C:/Users/olapr/topoly_tutorial/alphafold_swissprot/Q12766_alphafold.pdb,""{'5_2': 0.3, 'TooManyCrossings': 0.15, 'Unknown': 0.14, '3_1': 0.12}"",{'5_2': 0.48},1538,58.961814103107436"
"C:/Users/olapr/topoly_tutorial/alphafold_swissprot/Q12789_alphafold.pdb,""{'0_1': 0.3, '3_1': 0.22, '4_1': 0.2, 'Unknown': 0.06}"",{'0_1': 0.94},2109,66.10990759508788"
"C:/Users/olapr/topoly_tutorial/alphafold_swissprot/Q12923_alphafold.pdb,""{'0_1': 0.38, '4_1': 0.19}"",{'4_1': 0.5},2485,60.21156319119338"
"C:/Users/olapr/topoly_tutorial/alphafold_swissprot/Q13017_alphafold.pdb,""{'3_1': 0.29, '6_2': 0.27, '0_1': 0.24, '3_1#4_1': 0.07}"",{'3_1': 0.73},1502,73.34773412404196"
"C:/Users/olapr/topoly_tutorial/alphafold_swissprot/Q13023_alphafold.pdb,""{'3_1': 0.31, '0_1': 0.14, '5_2': 0.13, '5_1': 0.07}"",{'3_1': 0.8},2319,43.05342408551762"
"C:/Users/olapr/topoly_tutorial/alphafold_swissprot/Q13029_alphafold.pdb,""{'Unknown': 0.33, 'TooManyCrossings': 0.21, '7_3': 0.19, '11n_90': 0.08, '9_16': 0.08}"",{'0_1': 0.0},1718,47.74080000000004"
"C:/Users/olapr/topoly_tutorial/alphafold_swissprot/Q13061_alphafold.pdb,""{'3_1': 0.34, '0_1': 0.28, '5_2': 0.13, '5_1': 0.08}"",{'3_1': 0.71},729,47.1847252747255"
"C:/Users/olapr/topoly_tutorial/alphafold_swissprot/Q13127_alphafold.pdb,""{'5_2': 0.22, '5_1': 0.12, '7_2': 0.09, '7_6': 0.08, 'Unknown': 0.07, '3_1': 0.07}"",{'5_2': 0.6},1097,50.02267894860362"
"C:/Users/olapr/topoly_tutorial/alphafold_swissprot/Q13129_alphafold.pdb,""{'0_1': 0.36, '3_1': 0.25, '5_2': 0.06}"",{'3_1': 0.57},1914,56.69634755258565"
"C:/Users/olapr/topoly_tutorial/alphafold_swissprot/Q13202_alphafold.pdb,""{'0_1': 0.39, '3_1': 0.39}"",{'3_1': 0.51},625,63.84901816608999"
"C:/Users/olapr/topoly_tutorial/alphafold_swissprot/Q13387_alphafold.pdb,""{'3_1': 0.32, '3_1#3_1': 0.28, '0_1': 0.15, '5_2': 0.07, '5_1': 0.06}"",{'3_1': 0.83},824,51.7187309562397"
"C:/Users/olapr/topoly_tutorial/alphafold_swissprot/Q13796_alphafold.pdb,""{'3_1#3_1': 0.16, '6_3': 0.14, '0_1': 0.14, '3_1': 0.11, '5_1': 0.06}"",{'3_1': 0.69},1616,48.27524921491306"
"C:/Users/olapr/topoly_tutorial/alphafold_swissprot/Q13873_alphafold.pdb,""{'0_1': 0.3, '4_1': 0.3, '6_2': 0.11, '3_1': 0.09}"",{'4_1': 0.54},1038,58.46784014869862"
"C:/Users/olapr/topoly_tutorial/alphafold_swissprot/Q13905_alphafold.pdb,""{'0_1': 0.27, '3_1': 0.27, '5_1': 0.21, '5_2': 0.12, '4_1': 0.06}"",{'3_1': 0.64},1077,64.53249764150988"
"C:/Users/olapr/topoly_tutorial/alphafold_swissprot/Q14004_alphafold.pdb,""{'0_1': 0.17, '4_1': 0.15, '6_3': 0.12, 'Unknown': 0.07}"",{'0_1': 0.73},1512,51.04855800724024"
"C:/Users/olapr/topoly_tutorial/alphafold_swissprot/Q14028_alphafold.pdb,""{'5_2': 0.29, '3_1': 0.27, '5_1': 0.15, '0_1': 0.13}"",{'3_1': 0.84},1251,58.999876731867616"
"C:/Users/olapr/topoly_tutorial/alphafold_swissprot/Q14031_alphafold.pdb,""{'8_13': 0.38, '10_28|10_37': 0.13, 'Unknown': 0.1, '10_65|10_77': 0.06}"",{'4_1': 0.51},1691,48.00557355744277"
"C:/Users/olapr/topoly_tutorial/alphafold_swissprot/Q14157_alphafold.pdb,""{'0_1': 0.39, '5_2': 0.12, '3_1': 0.11, '10_146': 0.06}"",{'3_1': 0.49},1087,42.84659138850996"
"C:/Users/olapr/topoly_tutorial/alphafold_swissprot/Q14202_alphafold.pdb,""{'5_1': 0.25, '3_1': 0.23, '5_2': 0.15}"",{'3_1': 0.9},1370,63.33295563268067"
"C:/Users/olapr/topoly_tutorial/alphafold_swissprot/Q14207_alphafold.pdb,""{'3_1': 0.37, '3_1#3_1': 0.22, '3_1#4_1': 0.08, '6_3': 0.06}"",{'3_1': 0.95},1427,44.752512958163564"
"C:/Users/olapr/topoly_tutorial/alphafold_swissprot/Q14494_alphafold.pdb,""{'3_1': 0.34, '0_1': 0.3, '3_1#3_1': 0.09, '5_1': 0.08, '8_19': 0.06}"",{'3_1': 0.68},772,56.480404973954194"
"C:/Users/olapr/topoly_tutorial/alphafold_swissprot/Q14678_alphafold.pdb,""{'3_1': 0.39, '3_1#3_1': 0.17, 'Unknown': 0.1, '3_1#4_1': 0.07}"",{'3_1': 0.88},1352,54.55914163507345"
"C:/Users/olapr/topoly_tutorial/alphafold_swissprot/Q14679_alphafold.pdb,""{'3_1': 0.33, '0_1': 0.32, '5_2': 0.16, '5_1': 0.06}"",{'3_1': 0.65},1199,58.906133020677345"
"C:/Users/olapr/topoly_tutorial/alphafold_swissprot/Q14686_alphafold.pdb,""{'Unknown': 0.39, '9_15': 0.24}"",{'0_1': 0.0},2063,37.41049165362519"
"C:/Users/olapr/topoly_tutorial/alphafold_swissprot/Q14865_alphafold.pdb,""{'3_1': 0.35, '5_1': 0.19, '3_1#3_1': 0.08, '3_1#4_1': 0.08, '6_2': 0.07}"",{'3_1': 0.94},1188,50.912522551547134"
"C:/Users/olapr/topoly_tutorial/alphafold_swissprot/Q14896_alphafold.pdb,""{'3_1#3_1': 0.33, '3_1': 0.32, '0_1': 0.2}"",{'3_1': 0.8},1274,79.38222996163931"
"C:/Users/olapr/topoly_tutorial/alphafold_swissprot/Q14966_alphafold.pdb,""{'0_1': 0.21, 'Unknown': 0.17, '3_1': 0.08, '3_1#4_1': 0.08, '6_3': 0.07, '9_28|9_29': 0.06}"",{'3_1': 0.51},1978,45.27113892122616"
"C:/Users/olapr/topoly_tutorial/alphafold_swissprot/Q14CM0_alphafold.pdb,""{'0_1': 0.25, '4_1': 0.22, '3_1': 0.19, '6_2': 0.1, '7_7': 0.06}"",{'4_1': 0.49},1322,55.003878740002335"
"C:/Users/olapr/topoly_tutorial/alphafold_swissprot/Q15047_alphafold.pdb,""{'0_1': 0.39, '4_1': 0.2, '6_2': 0.18, '6_1': 0.08}"",{'4_1': 0.57},1291,66.66927183982483"
"C:/Users/olapr/topoly_tutorial/alphafold_swissprot/Q15424_alphafold.pdb,""{'5_2': 0.35, '0_1': 0.28, '3_1': 0.11, '5_1': 0.08}"",{'3_1': 0.66},915,54.35978300180832"
"C:/Users/olapr/topoly_tutorial/alphafold_swissprot/Q15468_alphafold.pdb,""{'4_1': 0.29, '0_1': 0.29, '6_2': 0.17}"",{'4_1': 0.62},1287,53.64949725685841"
"C:/Users/olapr/topoly_tutorial/alphafold_swissprot/Q15788_alphafold.pdb,""{'0_1': 0.38, '3_1': 0.26, '6_3': 0.08, '4_1': 0.07}"",{'3_1': 0.5},1441,47.38976372924629"
"C:/Users/olapr/topoly_tutorial/alphafold_swissprot/Q15878_alphafold.pdb,""{'0_1': 0.19, '5_2': 0.17, '7_2': 0.14, '3_1': 0.11}"",{'5_2': 0.51},2313,60.22591998695459"
"C:/Users/olapr/topoly_tutorial/alphafold_swissprot/Q16821_alphafold.pdb,""{'5_1': 0.31, '3_1#5_1': 0.21, 'Unknown': 0.13, '10_125': 0.07}"",{'5_1': 0.75},1122,45.323512747875085"
"C:/Users/olapr/topoly_tutorial/alphafold_swissprot/Q2KHR2_alphafold.pdb,""{'Unknown': 0.23, 'TooManyCrossings': 0.16, '9_41': 0.08}"",{'0_1': 0.0},1363,43.453594872791065"
"C:/Users/olapr/topoly_tutorial/alphafold_swissprot/Q2M3C7_alphafold.pdb,""{'0_1': 0.35, '6_1': 0.15, '4_1': 0.1, '5_2': 0.09, '3_1': 0.08}"",{'0_1': 0.94},1700,47.66389182968942"
"C:/Users/olapr/topoly_tutorial/alphafold_swissprot/Q2UY09_alphafold.pdb,""{'0_1': 0.39, '3_1': 0.19, '5_1': 0.09, '5_2': 0.09, '4_1': 0.08}"",{'0_1': 0.97},1125,62.452669346977416"
"C:/Users/olapr/topoly_tutorial/alphafold_swissprot/Q2VWA4_alphafold.pdb,""{'0_1': 0.37, '4_1': 0.2, '3_1': 0.15}"",{'0_1': 0.98},1001,53.5921676418567"
"C:/Users/olapr/topoly_tutorial/alphafold_swissprot/Q3BBV0_alphafold.pdb,""{'3_1': 0.35, '6_2': 0.23, '5_1': 0.08}"",{'3_1': 0.86},1214,47.864363599098525"
"C:/Users/olapr/topoly_tutorial/alphafold_swissprot/Q3BBV2_alphafold.pdb,""{'8_3': 0.32, '6_1': 0.08, '0_1': 0.07, '4_1#4_1': 0.06, '8_1': 0.06}"",{'6_1': 0.59},869,48.614907154167085"
"C:/Users/olapr/topoly_tutorial/alphafold_swissprot/Q3C1V9_alphafold.pdb,""{'7_2': 0.28, '5_2': 0.13, '7_4': 0.12, '3_1#3_1': 0.1, '9_7': 0.07}"",{'5_2': 0.75},767,52.192953784327365"
"C:/Users/olapr/topoly_tutorial/alphafold_swissprot/Q49AJ0_alphafold.pdb,""{'3_1': 0.34, '5_2': 0.21, '0_1': 0.14, '5_1': 0.09, '3_1#3_1': 0.09}"",{'3_1': 0.84},1406,61.75724059188878"
"C:/Users/olapr/topoly_tutorial/alphafold_swissprot/Q4KMQ1_alphafold.pdb,""{'0_1': 0.35, '4_1': 0.33, '6_1': 0.16, '3_1': 0.06}"",{'4_1': 0.54},711,55.300176426426745"
"C:/Users/olapr/topoly_tutorial/alphafold_swissprot/Q4LE39_alphafold.pdb,""{'7_6': 0.16, '3_1#3_1': 0.13, '9_25': 0.09, '5_2': 0.08, '8_14': 0.07}"",{'5_2': 0.5},1312,55.720238324970516"
"C:/Users/olapr/topoly_tutorial/alphafold_swissprot/Q4VCS5_alphafold.pdb,""{'5_2': 0.38, '0_1': 0.17, '3_1': 0.11, '3_1#3_1': 0.08}"",{'5_2': 0.51},1084,57.58547822940591"
"C:/Users/olapr/topoly_tutorial/alphafold_swissprot/Q4ZHG4_alphafold.pdb,""{'5_2': 0.26, '3_1': 0.15, '5_1': 0.09}"",{'5_2': 0.56},1894,53.873488724915326"
"C:/Users/olapr/topoly_tutorial/alphafold_swissprot/Q56UN5_alphafold.pdb,""{'5_1': 0.16, '5_2': 0.15, '7_5': 0.12, '3_1': 0.07, '3_1#3_1': 0.06, '8_10': 0.06}"",{'5_1': 0.6},1328,44.58257156398124"
"C:/Users/olapr/topoly_tutorial/alphafold_swissprot/Q58EX2_alphafold.pdb,""{'0_1': 0.22, '6_3': 0.15, '5_1': 0.15, 'Unknown': 0.1, '3_1': 0.09, '6_2': 0.07}"",{'3_1': 0.64},2172,73.40903143685966"
"C:/Users/olapr/topoly_tutorial/alphafold_swissprot/Q58WW2_alphafold.pdb,""{'0_1': 0.38, '5_2': 0.25, '4_1': 0.14, '3_1': 0.12}"",{'0_1': 1.0},860,63.83460228114317"
"C:/Users/olapr/topoly_tutorial/alphafold_swissprot/Q5H9T9_alphafold.pdb,""{'6_1': 0.36, '8_11': 0.21, 'Unknown': 0.06}"",{'6_1': 0.7},825,47.2774211802751"
"C:/Users/olapr/topoly_tutorial/alphafold_swissprot/Q5HYW2_alphafold.pdb,""{'0_1': 0.28, '5_2': 0.24, '3_1': 0.12, '5_1': 0.06}"",{'3_1': 0.67},1225,47.87091025504133"
"C:/Users/olapr/topoly_tutorial/alphafold_swissprot/Q5JTC6_alphafold.pdb,""{'7_6': 0.29, '3_1#3_1': 0.22, '8_8': 0.16, 'Unknown': 0.06}"",{'5_2': 0.61},1135,49.0807960941988"
"C:/Users/olapr/topoly_tutorial/alphafold_swissprot/Q5JU85_alphafold.pdb,""{'7_3': 0.3, 'Unknown': 0.13, '7_4': 0.11, '5_2': 0.09, '10_142': 0.08}"",{'5_2': 0.75},1488,54.922253619396265"
"C:/Users/olapr/topoly_tutorial/alphafold_swissprot/Q5JV73_alphafold.pdb,""{'3_1': 0.23, 'TooManyCrossings': 0.1, '3_1#4_1': 0.1, '0_1': 0.1, '3_1#3_1': 0.09, '6_3': 0.07}"",{'3_1': 0.68},1810,51.09580995993129"
"C:/Users/olapr/topoly_tutorial/alphafold_swissprot/Q5RHP9_alphafold.pdb,""{'TooManyCrossings': 0.37, 'Unknown': 0.32, '5_2': 0.08}"",{'0_1': 0.0},1530,44.306896230410466"
"C:/Users/olapr/topoly_tutorial/alphafold_swissprot/Q5SW79_alphafold.pdb,""{'6_3': 0.3, '0_1': 0.12, '3_1': 0.11, '8_7': 0.1, '8_13': 0.06, '8_8': 0.06}"",{'6_3': 0.64},1584,45.57718894758207"
"C:/Users/olapr/topoly_tutorial/alphafold_swissprot/Q5SYE7_alphafold.pdb,""{'TooManyCrossings': 0.3, '8_13': 0.22, 'Unknown': 0.13, '10_33': 0.08, '5_2': 0.07}"",{'0_1': 0.0},1610,40.871808235195815"
"C:/Users/olapr/topoly_tutorial/alphafold_swissprot/Q5T5P2_alphafold.pdb,""{'3_1#4_1': 0.25, 'TooManyCrossings': 0.25, '3_1': 0.18, '3_1#3_1': 0.09, 'Unknown': 0.07}"",{'3_1': 0.67},1943,46.613620850553325"
"C:/Users/olapr/topoly_tutorial/alphafold_swissprot/Q5T6F2_alphafold.pdb,""{'4_1': 0.26, '4_1#4_1': 0.25, '0_1': 0.21}"",{'4_1': 0.67},1119,43.11678042263787"
"C:/Users/olapr/topoly_tutorial/alphafold_swissprot/Q5T8A7_alphafold.pdb,""{'3_1': 0.3, '3_1#3_1': 0.17, 'Unknown': 0.09, '6_3': 0.06}"",{'3_1': 0.83},1209,46.68886800894798"
"C:/Users/olapr/topoly_tutorial/alphafold_swissprot/Q5TGY3_alphafold.pdb,""{'TooManyCrossings': 0.24, 'Unknown': 0.13, '4_1': 0.11, '9_15': 0.1}"",{'4_1': 0.52},1603,38.8703989877687"
"C:/Users/olapr/topoly_tutorial/alphafold_swissprot/Q5TZA2_alphafold.pdb,""{'6_2': 0.39, '4_1': 0.22, '3_1#4_1': 0.15}"",{'4_1': 0.89},2017,69.90780516724955"
"C:/Users/olapr/topoly_tutorial/alphafold_swissprot/Q5TZJ5_alphafold.pdb,""{'0_1': 0.36, '4_1': 0.17, '6_2': 0.09, '3_1': 0.09}"",{'0_1': 0.96},1347,38.965169045110336"
"C:/Users/olapr/topoly_tutorial/alphafold_swissprot/Q5VT03_alphafold.pdb,""{'6_2': 0.38, '3_1': 0.15, '8_4': 0.12, '4_1': 0.09}"",{'6_2': 0.6},806,48.87560131795736"
"C:/Users/olapr/topoly_tutorial/alphafold_swissprot/Q5VT52_alphafold.pdb,""{'7_2': 0.28, '5_2': 0.14, '3_1': 0.12, 'Unknown': 0.08, '10_145': 0.07}"",{'5_2': 0.64},1461,48.09809268026201"
"C:/Users/olapr/topoly_tutorial/alphafold_swissprot/Q5VT97_alphafold.pdb,""{'3_1': 0.3, '0_1': 0.28, '6_2': 0.15}"",{'3_1': 0.7},1194,51.73128265524652"
"C:/Users/olapr/topoly_tutorial/alphafold_swissprot/Q5VU36_alphafold.pdb,""{'3_1#3_1': 0.23, '5_2': 0.14, 'TooManyCrossings': 0.09, '8_8': 0.08, '10_125': 0.07}"",{'3_1': 0.79},1347,38.73856158484053"
"C:/Users/olapr/topoly_tutorial/alphafold_swissprot/Q5VVP1_alphafold.pdb,""{'3_1': 0.19, 'TooManyCrossings': 0.13, '9_20': 0.1, 'Unknown': 0.09, '0_1': 0.08, '7_6': 0.07, '5_2': 0.06}"",{'3_1': 0.62},1343,38.91695899114362"
"C:/Users/olapr/topoly_tutorial/alphafold_swissprot/Q5VWK0_alphafold.pdb,""{'3_1': 0.38, '5_2': 0.3, '0_1': 0.18}"",{'3_1': 0.77},638,51.32257638478203"
"C:/Users/olapr/topoly_tutorial/alphafold_swissprot/Q5VXU9_alphafold.pdb,""{'0_1': 0.37, '4_1': 0.24, '6_1': 0.07}"",{'0_1': 0.96},1444,48.971518987342215"
"C:/Users/olapr/topoly_tutorial/alphafold_swissprot/Q5VYP0_alphafold.pdb,""{'4_1': 0.35, '6_2': 0.12, '3_1#4_1': 0.1, '0_1': 0.08}"",{'4_1': 0.8},1347,38.603972248803565"
"C:/Users/olapr/topoly_tutorial/alphafold_swissprot/Q63HR2_alphafold.pdb,""{'4_1': 0.28, '6_2': 0.18, '0_1': 0.13, '3_1': 0.09, '6_1': 0.06}"",{'4_1': 0.68},1409,59.464243185411924"
"C:/Users/olapr/topoly_tutorial/alphafold_swissprot/Q68CP9_alphafold.pdb,""{'5_2': 0.37, '3_1': 0.3, '5_1': 0.1, '3_1#3_1': 0.06}"",{'3_1': 0.95},1835,52.220459562802226"
"C:/Users/olapr/topoly_tutorial/alphafold_swissprot/Q68DA7_alphafold.pdb,""{'0_1': 0.3, '3_1': 0.15, '7_2': 0.09, 'Unknown': 0.07, '9_42': 0.06}"",{'3_1': 0.52},1419,55.70987196826243"
"C:/Users/olapr/topoly_tutorial/alphafold_swissprot/Q6AI39_alphafold.pdb,""{'Unknown': 0.18, '3_1#4_1': 0.12, '6_2': 0.06}"",{'0_1': 0.59},1079,45.95369952935383"
"C:/Users/olapr/topoly_tutorial/alphafold_swissprot/Q6BDS2_alphafold.pdb,""{'3_1': 0.31, '5_1': 0.28, 'Unknown': 0.09, '8_2': 0.08, '0_1': 0.07}"",{'3_1': 0.8},1440,67.05660750914197"
"C:/Users/olapr/topoly_tutorial/alphafold_swissprot/Q6IQ32_alphafold.pdb,""{'3_1': 0.32, '3_1#4_1': 0.11, '6_2': 0.1, '5_1': 0.08, '3_1#3_1': 0.07}"",{'3_1': 0.87},1131,57.95324571560936"
"C:/Users/olapr/topoly_tutorial/alphafold_swissprot/Q6NUN7_alphafold.pdb,""{'5_1': 0.35, '3_1': 0.19, '5_2': 0.13, '3_1#3_1': 0.08, '0_1': 0.08}"",{'3_1': 0.91},778,51.65662064536856"
"C:/Users/olapr/topoly_tutorial/alphafold_swissprot/Q6P3W6_alphafold.pdb,""{'9_4': 0.38, '7_2': 0.11, 'Unknown': 0.09, '11a_339|11n_180': 0.08, '5_2': 0.06, '0_1': 0.06}"",{'7_2': 0.5},841,49.60099881621788"
"C:/Users/olapr/topoly_tutorial/alphafold_swissprot/Q6ULP2_alphafold.pdb,""{'0_1': 0.37, '4_1': 0.26, '3_1': 0.18}"",{'0_1': 0.98},936,46.28340030696247"
"C:/Users/olapr/topoly_tutorial/alphafold_swissprot/Q6VMQ6_alphafold.pdb,""{'Unknown': 0.25, 'TooManyCrossings': 0.14, '5_2': 0.14, '8_11': 0.06}"",{'3_1': 0.53},1270,48.900855111854185"
"C:/Users/olapr/topoly_tutorial/alphafold_swissprot/Q6WKZ4_alphafold.pdb,""{'0_1': 0.38, '3_1': 0.14, '4_1': 0.14, '5_2': 0.08, '6_1': 0.07, '6_2': 0.06, '5_1': 0.06}"",{'0_1': 0.98},1283,46.9580802411388"
"C:/Users/olapr/topoly_tutorial/alphafold_swissprot/Q6WRI0_alphafold.pdb,""{'11n_116|11n_49': 0.25, 'Unknown': 0.21, '12n_532|12n_760': 0.16, '8_3': 0.08, 'TooManyCrossings': 0.08}"",{'0_1': 0.0},2623,58.53342658710775"
"C:/Users/olapr/topoly_tutorial/alphafold_swissprot/Q6XPR3_alphafold.pdb,""{'0_1': 0.33, '3_1': 0.29, '5_1': 0.19}"",{'3_1': 0.61},784,42.97000156372166"
"C:/Users/olapr/topoly_tutorial/alphafold_swissprot/Q6ZMY3_alphafold.pdb,""{'5_2': 0.34, '5_1': 0.17, '3_1': 0.16}"",{'5_2': 0.55},1216,47.65736501316901"
"C:/Users/olapr/topoly_tutorial/alphafold_swissprot/Q6ZRI6_alphafold.pdb,""{'7_5': 0.32, '5_2': 0.19, 'Unknown': 0.07, '0_1': 0.07, '7_2': 0.06}"",{'5_2': 0.72},1047,48.52384595635472"
"C:/Users/olapr/topoly_tutorial/alphafold_swissprot/Q6ZRS4_alphafold.pdb,""{'0_1': 0.36, '5_2': 0.3, '4_1': 0.11, '6_1': 0.07, '3_1': 0.06}"",{'0_1': 0.98},1044,46.60693308550233"
"C:/Users/olapr/topoly_tutorial/alphafold_swissprot/Q6ZU35_alphafold.pdb,""{'3_1': 0.33, '0_1': 0.21, '5_2': 0.09, '5_1': 0.08, '7_1': 0.06}"",{'3_1': 0.73},1233,54.82612758871794"
"C:/Users/olapr/topoly_tutorial/alphafold_swissprot/Q6ZU65_alphafold.pdb,""{'3_1': 0.35, '0_1': 0.24, '5_1': 0.08, '7_5': 0.07}"",{'3_1': 0.69},1347,52.03013545117947"
"C:/Users/olapr/topoly_tutorial/alphafold_swissprot/Q6ZV73_alphafold.pdb,""{'0_1': 0.24, '8_11': 0.12, '5_2': 0.12, '6_1': 0.08}"",{'0_1': 0.76},1430,54.86690628328011"
"C:/Users/olapr/topoly_tutorial/alphafold_swissprot/Q6ZVC0_alphafold.pdb,""{'3_1#3_1': 0.32, 'Unknown': 0.14, '8_5': 0.11, '9_16': 0.1, '8_19': 0.09}"",{'3_1#3_1': 0.79},841,49.697853903466466"
"C:/Users/olapr/topoly_tutorial/alphafold_swissprot/Q711Q0_alphafold.pdb,""{'4_1': 0.32, '6_2': 0.11, '0_1': 0.08, '7_7': 0.07, '3_1#4_1': 0.07, 'Unknown': 0.07, '6_1': 0.06}"",{'4_1': 0.79},1435,41.837210358927045"
"C:/Users/olapr/topoly_tutorial/alphafold_swissprot/Q71F56_alphafold.pdb,""{'0_1': 0.2, '5_2': 0.17, '3_1': 0.07, 'Unknown': 0.06}"",{'3_1': 0.58},2210,56.718439316540326"
"C:/Users/olapr/topoly_tutorial/alphafold_swissprot/Q71SY5_alphafold.pdb,""{'0_1': 0.39, '5_2': 0.2, '3_1': 0.11, '4_1': 0.09}"",{'0_1': 0.98},747,63.8175372050808"
"C:/Users/olapr/topoly_tutorial/alphafold_swissprot/Q76I76_alphafold.pdb,""{'3_1': 0.38, '6_2': 0.11, '5_1': 0.08, '3_1#3_1': 0.08}"",{'3_1': 0.92},1423,48.671593614718994"
"C:/Users/olapr/topoly_tutorial/alphafold_swissprot/Q76L83_alphafold.pdb,""{'0_1': 0.38, '4_1': 0.18, '6_2': 0.1, '3_1': 0.1, '6_3': 0.06}"",{'0_1': 0.99},1435,46.66305065874919"
"C:/Users/olapr/topoly_tutorial/alphafold_swissprot/Q7RTP6_alphafold.pdb,""{'Unknown': 0.23, '3_1': 0.17, '5_2': 0.13, '5_1': 0.12, '9_43': 0.1, 'TooManyCrossings': 0.06}"",{'3_1': 0.71},2002,58.88152416592568"
"C:/Users/olapr/topoly_tutorial/alphafold_swissprot/Q7Z3J3_alphafold.pdb,""{'5_1': 0.26, '7_1': 0.2, 'Unknown': 0.18, '7_5': 0.13}"",{'5_1': 0.74},1758,67.21401988329336"
"C:/Users/olapr/topoly_tutorial/alphafold_swissprot/Q7Z3T8_alphafold.pdb,""{'0_1': 0.26, '6_1': 0.13, '3_1': 0.09, '4_1': 0.09, '7_2': 0.07}"",{'0_1': 0.94},1539,55.615188910489394"
"C:/Users/olapr/topoly_tutorial/alphafold_swissprot/Q7Z406_alphafold.pdb,""{'3_1': 0.3, '5_1': 0.19, '0_1': 0.15, 'Unknown': 0.09}"",{'3_1': 0.75},1995,74.65097463451167"
"C:/Users/olapr/topoly_tutorial/alphafold_swissprot/Q7Z570_alphafold.pdb,""{'3_1#5_2': 0.25, '3_1': 0.12, 'Unknown': 0.09, '8_8': 0.07}"",{'3_1#3_1': 0.5},1209,45.8523132154006"
"C:/Users/olapr/topoly_tutorial/alphafold_swissprot/Q7Z589_alphafold.pdb,""{'Unknown': 0.29, '10_6': 0.19, '5_1': 0.12, 'TooManyCrossings': 0.07}"",{'0_1': 0.0},1322,42.65787206134597"
"C:/Users/olapr/topoly_tutorial/alphafold_swissprot/Q7Z591_alphafold.pdb,""{'0_1': 0.34, '5_2': 0.08, '6_1': 0.07, '9_15': 0.06}"",{'3_1': 0.51},1439,47.642801684672726"
"C:/Users/olapr/topoly_tutorial/alphafold_swissprot/Q7Z5K2_alphafold.pdb,""{'3_1': 0.33, '0_1': 0.25, '5_1': 0.17, '5_2': 0.08}"",{'3_1': 0.72},1190,59.77227936439763"
"C:/Users/olapr/topoly_tutorial/alphafold_swissprot/Q86SQ0_alphafold.pdb,""{'8_13': 0.17, '0_1': 0.15, '8_8': 0.14, '7_6': 0.11, 'Unknown': 0.07, '9_15': 0.06}"",{'0_1': 0.79},1253,59.45282807017491"
"C:/Users/olapr/topoly_tutorial/alphafold_swissprot/Q86TB3_alphafold.pdb,""{'0_1': 0.19, '3_1': 0.16, '5_1': 0.11, '6_2': 0.07}"",{'3_1': 0.69},2170,40.59242116032747"
"C:/Users/olapr/topoly_tutorial/alphafold_swissprot/Q86UR5_alphafold.pdb,""{'7_5': 0.35, '3_1': 0.23, '5_1': 0.09}"",{'5_1': 0.54},1692,51.33081486506864"
"C:/Users/olapr/topoly_tutorial/alphafold_swissprot/Q86UU5_alphafold.pdb,""{'6_1': 0.32, '9_42': 0.12, '8_11': 0.1, '8_1': 0.09}"",{'6_1': 0.73},652,44.22933049946898"
"C:/Users/olapr/topoly_tutorial/alphafold_swissprot/Q86V15_alphafold.pdb,""{'Unknown': 0.26, '10_35': 0.2, '12a_175': 0.19, 'TooManyCrossings': 0.15}"",{'0_1': 0.0},1759,53.261742327605745"
"C:/Users/olapr/topoly_tutorial/alphafold_swissprot/Q86VM9_alphafold.pdb,""{'6_2': 0.23, '4_1': 0.18, '0_1': 0.1, 'Unknown': 0.08, '10_7': 0.06, '3_1': 0.06}"",{'4_1': 0.61},953,52.19445261328691"
"C:/Users/olapr/topoly_tutorial/alphafold_swissprot/Q86Y26_alphafold.pdb,""{'3_1': 0.37, '5_2': 0.13, '7_7': 0.11}"",{'3_1': 0.87},1132,46.00560502012771"
"C:/Users/olapr/topoly_tutorial/alphafold_swissprot/Q86YA3_alphafold.pdb,""{'Unknown': 0.38, '7_1': 0.32, '5_1': 0.12, '9_3': 0.08}"",{'5_1': 0.62},2104,50.41233740448807"
"C:/Users/olapr/topoly_tutorial/alphafold_swissprot/Q86YN6_alphafold.pdb,""{'3_1': 0.2, '0_1': 0.19, '6_2': 0.14, '6_1': 0.13, '5_1': 0.08, '4_1': 0.06}"",{'3_1': 0.62},1023,50.96160810980987"
"C:/Users/olapr/topoly_tutorial/alphafold_swissprot/Q86YV5_alphafold.pdb,""{'0_1': 0.27, '3_1': 0.25, '4_1': 0.09, '5_1': 0.08, '7_5': 0.07}"",{'3_1': 0.57},1406,51.20027431183986"
"C:/Users/olapr/topoly_tutorial/alphafold_swissprot/Q86Z02_alphafold.pdb,""{'Unknown': 0.22, '3_1#5_2': 0.1, 'TooManyCrossings': 0.08, '8_14': 0.07, '11a_45': 0.06, '9_43': 0.06}"",{'0_1': 0.0},1210,52.41867963486104"
"C:/Users/olapr/topoly_tutorial/alphafold_swissprot/Q8IUG5_alphafold.pdb,""{'TooManyCrossings': 0.39, '7_4': 0.18, 'Unknown': 0.16, '9_13': 0.06}"",{'0_1': 0.0},2567,60.447915999999296"
"C:/Users/olapr/topoly_tutorial/alphafold_swissprot/Q8IVF5_alphafold.pdb,""{'0_1': 0.34, '3_1': 0.19, '4_1': 0.1, '6_2': 0.08, '6_1': 0.07}"",{'0_1': 0.98},1701,57.1389165731385"
"C:/Users/olapr/topoly_tutorial/alphafold_swissprot/Q8IWB4_alphafold.pdb,""{'0_1': 0.27, '3_1': 0.18, '5_2': 0.13, '5_1': 0.09, '4_1': 0.06}"",{'3_1': 0.66},1347,38.43732421314414"
"C:/Users/olapr/topoly_tutorial/alphafold_swissprot/Q8IWB6_alphafold.pdb,""{'7_4': 0.15, '5_2': 0.15, '0_1': 0.13, '9_49': 0.11, 'Unknown': 0.1, '7_3': 0.06}"",{'5_2': 0.62},1497,50.92484653213378"
"C:/Users/olapr/topoly_tutorial/alphafold_swissprot/Q8IXJ9_alphafold.pdb,""{'Unknown': 0.34, '8_7': 0.13, 'TooManyCrossings': 0.08, '8_8': 0.08, '10_19': 0.07, '5_1': 0.07}"",{'3_1': 0.51},1541,43.72999224071052"
"C:/Users/olapr/topoly_tutorial/alphafold_swissprot/Q8IXT1_alphafold.pdb,""{'0_1': 0.3, '3_1': 0.15, '6_2': 0.12, '4_1': 0.08, 'Unknown': 0.08, '5_2': 0.07}"",{'3_1': 0.5},998,43.05710878714428"
"C:/Users/olapr/topoly_tutorial/alphafold_swissprot/Q8IY92_alphafold.pdb,""{'0_1': 0.38, '5_2': 0.16, '3_1': 0.1}"",{'0_1': 0.92},1834,47.09576169788501"
"C:/Users/olapr/topoly_tutorial/alphafold_swissprot/Q8IYD8_alphafold.pdb,""{'0_1': 0.34, '3_1': 0.18, '5_2': 0.15, '5_1': 0.1}"",{'3_1': 0.6},2048,52.804946864058145"
"C:/Users/olapr/topoly_tutorial/alphafold_swissprot/Q8IZC6_alphafold.pdb,""{'3_1#3_1': 0.19, '0_1': 0.16, '5_2': 0.09, 'Unknown': 0.09, 'TooManyCrossings': 0.06, '6_3': 0.06}"",{'0_1': 0.79},1860,49.26109126833368"
"C:/Users/olapr/topoly_tutorial/alphafold_swissprot/Q8IZL2_alphafold.pdb,""{'3_1': 0.25, '5_2': 0.21, '3_1#3_1': 0.14, '5_1': 0.1}"",{'3_1': 0.98},1156,46.828103919781476"
"C:/Users/olapr/topoly_tutorial/alphafold_swissprot/Q8N1G1_alphafold.pdb,""{'0_1': 0.34, '3_1': 0.2, '5_2': 0.14, '4_1': 0.08, '6_1': 0.06}"",{'3_1': 0.49},1221,59.00005300162209"
"C:/Users/olapr/topoly_tutorial/alphafold_swissprot/Q8N3D4_alphafold.pdb,""{'3_1': 0.34, '3_1#3_1': 0.22, '6_2': 0.1}"",{'3_1': 0.9},1523,50.17577881482734"
"C:/Users/olapr/topoly_tutorial/alphafold_swissprot/Q8N7X1_alphafold.pdb,""{'Unknown': 0.24, '3_1': 0.11, '9_31': 0.08, 'TooManyCrossings': 0.07}"",{'3_1': 0.5},1067,41.28137361282393"
"C:/Users/olapr/topoly_tutorial/alphafold_swissprot/Q8N7Z5_alphafold.pdb,""{'4_1': 0.37, '3_1#4_1': 0.16, '4_1#4_1': 0.08, '4_1#5_2|9_12': 0.07}"",{'4_1': 0.82},1873,42.83506662157635"
"C:/Users/olapr/topoly_tutorial/alphafold_swissprot/Q8N944_alphafold.pdb,""{'5_1': 0.25, '0_1': 0.2, '3_1': 0.17, '5_2': 0.14, '3_1#3_1': 0.07}"",{'3_1': 0.78},861,45.81929089190029"
"C:/Users/olapr/topoly_tutorial/alphafold_swissprot/Q8NB66_alphafold.pdb,""{'3_1#3_1': 0.23, '3_1': 0.17, '0_1': 0.16, '5_1': 0.06, 'Unknown': 0.06}"",{'3_1': 0.75},2214,61.78308980472263"
"C:/Users/olapr/topoly_tutorial/alphafold_swissprot/Q8NEA6_alphafold.pdb,""{'0_1': 0.31, '3_1': 0.26, '5_1': 0.12, '5_2': 0.1}"",{'3_1': 0.59},775,50.54167544604927"
"C:/Users/olapr/topoly_tutorial/alphafold_swissprot/Q8NEV8_alphafold.pdb,""{'3_1': 0.15, '0_1': 0.14, '5_2': 0.09, '3_1#3_1': 0.07, '5_1': 0.07, '7_2': 0.06}"",{'3_1': 0.7},1989,36.69652771561893"
"C:/Users/olapr/topoly_tutorial/alphafold_swissprot/Q8NEY1_alphafold.pdb,""{'4_1': 0.28, '3_1#4_1': 0.11, '6_2': 0.1, 'Unknown': 0.09, '6_1': 0.07}"",{'4_1': 0.8},1877,50.35178267295408"
"C:/Users/olapr/topoly_tutorial/alphafold_swissprot/Q8NFD5_alphafold.pdb,""{'TooManyCrossings': 0.34, 'Unknown': 0.2, '3_1': 0.11, '3_1#6_2': 0.1, '9_48': 0.08}"",{'0_1': 0.0},2236,47.97569615663493"
"C:/Users/olapr/topoly_tutorial/alphafold_swissprot/Q8TB72_alphafold.pdb,""{'0_1': 0.27, '3_1': 0.25, '5_1': 0.08, '6_2': 0.06, '4_1': 0.06, '5_2': 0.06}"",{'3_1': 0.59},1066,56.8911523145845"
"C:/Users/olapr/topoly_tutorial/alphafold_swissprot/Q8TBE0_alphafold.pdb,""{'6_1': 0.21, '0_1': 0.18, '4_1': 0.16, '6_2': 0.13, '4_1#4_1': 0.08}"",{'4_1': 0.78},780,51.168548848158814"
"C:/Users/olapr/topoly_tutorial/alphafold_swissprot/Q8TD84_alphafold.pdb,""{'3_1': 0.21, '0_1': 0.17, '5_2': 0.14, '5_1': 0.11}"",{'3_1': 0.75},2053,69.6590725500123"
"C:/Users/olapr/topoly_tutorial/alphafold_swissprot/Q8TDI0_alphafold.pdb,""{'0_1': 0.37, '3_1': 0.31, '4_1': 0.07}"",{'3_1': 0.53},1954,64.35921713630097"
"C:/Users/olapr/topoly_tutorial/alphafold_swissprot/Q8TDM6_alphafold.pdb,""{'3_1': 0.36, '3_1#3_1': 0.21, '0_1': 0.16, '5_2': 0.06}"",{'3_1': 0.83},1919,62.66443771223183"
"C:/Users/olapr/topoly_tutorial/alphafold_swissprot/Q8TEK3_alphafold.pdb,""{'0_1': 0.35, '3_1': 0.2, '4_1': 0.12}"",{'0_1': 0.99},1537,54.03927771073977"
"C:/Users/olapr/topoly_tutorial/alphafold_swissprot/Q8TF72_alphafold.pdb,""{'TooManyCrossings': 0.38, 'Unknown': 0.18, '8_6': 0.15, '8_11': 0.07}"",{'0_1': 0.0},1996,44.81617442622931"
"C:/Users/olapr/topoly_tutorial/alphafold_swissprot/Q8WWL7_alphafold.pdb,""{'3_1': 0.15, '0_1': 0.14, '3_1#3_1': 0.08, '6_2': 0.07, 'TooManyCrossings': 0.07, 'Unknown': 0.06}"",{'3_1': 0.64},1395,42.19611276768789"
"C:/Users/olapr/topoly_tutorial/alphafold_swissprot/Q8WWM7_alphafold.pdb,""{'5_2': 0.33, '7_5': 0.14, 'Unknown': 0.11, '7_2': 0.07, '7_6': 0.07}"",{'5_2': 0.75},1075,48.634536689205575"
"C:/Users/olapr/topoly_tutorial/alphafold_swissprot/Q8WX93_alphafold.pdb,""{'4_1': 0.32, '0_1': 0.25}"",{'4_1': 0.57},1383,55.06669090565712"
"C:/Users/olapr/topoly_tutorial/alphafold_swissprot/Q8WXD9_alphafold.pdb,""{'0_1': 0.38, '3_1': 0.28, '4_1': 0.1, '5_1': 0.07, '5_2': 0.07}"",{'3_1': 0.48},1431,54.6735144618305"
"C:/Users/olapr/topoly_tutorial/alphafold_swissprot/Q8WYP5_alphafold.pdb,""{'3_1': 0.25, '0_1': 0.23, 'TooManyCrossings': 0.07}"",{'3_1': 0.53},2266,55.583140183754566"
"C:/Users/olapr/topoly_tutorial/alphafold_swissprot/Q92545_alphafold.pdb,""{'0_1': 0.3, '3_1': 0.21, '5_1': 0.11, 'Unknown': 0.07}"",{'3_1': 0.51},1883,60.01770650445968"
"C:/Users/olapr/topoly_tutorial/alphafold_swissprot/Q92750_alphafold.pdb,""{'3_1': 0.34, '5_1': 0.25, '0_1': 0.11, '7_3': 0.07}"",{'3_1': 0.8},862,56.60936343681407"
"C:/Users/olapr/topoly_tutorial/alphafold_swissprot/Q92793_alphafold.pdb,""{'Unknown': 0.31, '6_2': 0.19, '8_2': 0.14, '4_1': 0.08}"",{'6_2': 0.49},2442,54.29547476705937"
"C:/Users/olapr/topoly_tutorial/alphafold_swissprot/Q96DN6_alphafold.pdb,""{'TooManyCrossings': 0.18, '3_1': 0.16, '6_3': 0.09, '3_1#3_1': 0.09, 'Unknown': 0.08, '0_1': 0.07, '8_8': 0.06}"",{'3_1': 0.63},1003,44.01127435861491"
"C:/Users/olapr/topoly_tutorial/alphafold_swissprot/Q96EV2_alphafold.pdb,""{'3_1': 0.31, '0_1': 0.24, '5_2': 0.07, '6_3': 0.06}"",{'3_1': 0.68},1170,47.29453820960703"
"C:/Users/olapr/topoly_tutorial/alphafold_swissprot/Q96F81_alphafold.pdb,""{'5_2': 0.23, '7_4': 0.11}"",{'5_2': 0.73},1524,65.22921691268509"
"C:/Users/olapr/topoly_tutorial/alphafold_swissprot/Q96JE7_alphafold.pdb,""{'4_1': 0.38, '0_1': 0.31, '6_1': 0.1}"",{'4_1': 0.58},1060,55.07800340466962"
"C:/Users/olapr/topoly_tutorial/alphafold_swissprot/Q96JK9_alphafold.pdb,""{'Unknown': 0.3, '10_35': 0.17, '6_1': 0.09, '12a_682': 0.06}"",{'0_1': 0.0},1138,47.44540051377869"
"C:/Users/olapr/topoly_tutorial/alphafold_swissprot/Q96KW2_alphafold.pdb,""{'0_1': 0.23, '3_1#3_1': 0.18, '5_2': 0.09, '10_153': 0.09, '3_1': 0.09}"",{'3_1': 0.71},1035,42.28289109934095"
"C:/Users/olapr/topoly_tutorial/alphafold_swissprot/Q96M43_alphafold.pdb,""{'5_2': 0.27, '3_1': 0.19, '7_2': 0.1, '0_1': 0.07}"",{'5_2': 0.58},638,51.20170519660217"
"C:/Users/olapr/topoly_tutorial/alphafold_swissprot/Q96PE2_alphafold.pdb,""{'3_1': 0.39, '3_1#3_1': 0.25, '3_1#4_1': 0.19}"",{'3_1': 0.98},2063,51.63608994539035"
"C:/Users/olapr/topoly_tutorial/alphafold_swissprot/Q96PN7_alphafold.pdb,""{'5_2': 0.26, '3_1': 0.2, '5_1': 0.11}"",{'5_2': 0.53},1200,49.383944055944305"
"C:/Users/olapr/topoly_tutorial/alphafold_swissprot/Q96PV7_alphafold.pdb,""{'3_1': 0.29, '5_2': 0.26, '3_1#3_1': 0.16, '5_1': 0.06}"",{'3_1': 0.95},902,53.129828731728644"
"C:/Users/olapr/topoly_tutorial/alphafold_swissprot/Q96Q04_alphafold.pdb,""{'3_1': 0.26, '6_3': 0.24, '0_1': 0.16, 'TooManyCrossings': 0.06}"",{'3_1': 0.68},1460,47.361728747925426"
"C:/Users/olapr/topoly_tutorial/alphafold_swissprot/Q96QB1_alphafold.pdb,""{'3_1': 0.23, '0_1': 0.22, '5_2': 0.11, '3_1#3_1': 0.07, '4_1': 0.06}"",{'3_1': 0.62},1528,56.129364654740215"
"C:/Users/olapr/topoly_tutorial/alphafold_swissprot/Q96RK0_alphafold.pdb,""{'7_7': 0.21, '3_1': 0.17, '0_1': 0.12, '5_2': 0.09, '9_44': 0.07, '4_1': 0.06}"",{'4_1': 0.52},1608,42.708626635474054"
"C:/Users/olapr/topoly_tutorial/alphafold_swissprot/Q96RV3_alphafold.pdb,""{'Unknown': 0.28, 'TooManyCrossings': 0.13, '11a_204|11a_222': 0.06, '10_60': 0.06, '11n_131|11n_160|11n_7': 0.06}"",{'0_1': 0.0},2341,57.72196550208755"
"C:/Users/olapr/topoly_tutorial/alphafold_swissprot/Q96ST2_alphafold.pdb,""{'7_3': 0.29, '5_2': 0.21, '0_1': 0.2, '5_1': 0.12, '3_1': 0.11}"",{'5_2': 0.54},819,55.444679925419734"
"C:/Users/olapr/topoly_tutorial/alphafold_swissprot/Q99466_alphafold.pdb,""{'6_3': 0.33, 'Unknown': 0.11, '3_1': 0.09, '8_11': 0.06, '0_1': 0.06}"",{'3_1': 0.68},2003,61.817426096521366"
"C:/Users/olapr/topoly_tutorial/alphafold_swissprot/Q99666_alphafold.pdb,""{'0_1': 0.29, '3_1': 0.21, '5_2': 0.12, '4_1': 0.07}"",{'3_1': 0.5},1765,66.71176163953214"
"C:/Users/olapr/topoly_tutorial/alphafold_swissprot/Q99700_alphafold.pdb,""{'Unknown': 0.33, 'TooManyCrossings': 0.29, '10_26': 0.24, '8_4': 0.06}"",{'0_1': 0.0},1313,46.72604500304106"
"C:/Users/olapr/topoly_tutorial/alphafold_swissprot/Q99814_alphafold.pdb,""{'0_1': 0.28, '3_1': 0.24, '5_2': 0.15, '7_4': 0.09}"",{'3_1': 0.62},870,59.418960212986605"
"C:/Users/olapr/topoly_tutorial/alphafold_swissprot/Q9BQK8_alphafold.pdb,""{'5_2': 0.37, '0_1': 0.33, '4_1': 0.1}"",{'3_1': 0.54},851,61.33983785421986"
"C:/Users/olapr/topoly_tutorial/alphafold_swissprot/Q9BVV6_alphafold.pdb,""{'3_1': 0.2, '5_1': 0.17, '5_2': 0.12, '0_1': 0.09, 'Unknown': 0.07, '8_6': 0.07, '6_2': 0.06}"",{'3_1': 0.78},1533,48.00868476519708"
"C:/Users/olapr/topoly_tutorial/alphafold_swissprot/Q9BW04_alphafold.pdb,""{'3_1': 0.3, '5_2': 0.19, '7_7': 0.13, '0_1': 0.11, '6_3': 0.1, '3_1#3_1': 0.08}"",{'3_1': 0.86},601,54.389848653460845"
"C:/Users/olapr/topoly_tutorial/alphafold_swissprot/Q9BXA9_alphafold.pdb,""{'5_2': 0.28, '3_1': 0.25, '3_1#3_1': 0.09, '0_1': 0.06}"",{'5_2': 0.51},1300,50.43934099536027"
"C:/Users/olapr/topoly_tutorial/alphafold_swissprot/Q9BXF3_alphafold.pdb,""{'3_1#3_1': 0.31, 'Unknown': 0.17, '3_1#4_1': 0.16, '8_5': 0.1, '8_19': 0.08}"",{'3_1#3_1': 0.56},1484,50.66883708838845"
"C:/Users/olapr/topoly_tutorial/alphafold_swissprot/Q9BY89_alphafold.pdb,""{'5_1': 0.29, 'Unknown': 0.18, '10_126': 0.12, '8_10': 0.09, '9_11': 0.06}"",{'5_1': 0.76},1806,40.143141720896445"
"C:/Users/olapr/topoly_tutorial/alphafold_swissprot/Q9BYB0_alphafold.pdb,""{'0_1': 0.22, '4_1': 0.15, 'Unknown': 0.11, '3_1': 0.06}"",{'0_1': 0.82},1731,54.59947562380115"
"C:/Users/olapr/topoly_tutorial/alphafold_swissprot/Q9C0A6_alphafold.pdb,""{'3_1#3_1': 0.28, '3_1': 0.16, '3_1#5_2': 0.13, 'Unknown': 0.07}"",{'3_1#3_1': 0.61},1442,47.085787568986"
"C:/Users/olapr/topoly_tutorial/alphafold_swissprot/Q9C0B9_alphafold.pdb,""{'3_1': 0.24, '0_1': 0.2, '5_2': 0.17, '5_1': 0.12}"",{'3_1': 0.77},1178,50.18087919538923"
"C:/Users/olapr/topoly_tutorial/alphafold_swissprot/Q9C0C2_alphafold.pdb,""{'3_1#3_1': 0.33, 'Unknown': 0.31, '3_1#5_1': 0.08, 'TooManyCrossings': 0.06}"",{'3_1#3_1': 0.54},1729,38.20944227158943"
"C:/Users/olapr/topoly_tutorial/alphafold_swissprot/Q9C0D6_alphafold.pdb,""{'3_1': 0.31, '5_2': 0.2, '0_1': 0.14, '5_1': 0.08, '7_5': 0.06}"",{'3_1': 0.85},1143,57.96454337899475"
"C:/Users/olapr/topoly_tutorial/alphafold_swissprot/Q9C0J8_alphafold.pdb,""{'0_1': 0.31, '3_1': 0.27, '5_2': 0.24}"",{'3_1': 0.6},1336,56.55077889202615"
"C:/Users/olapr/topoly_tutorial/alphafold_swissprot/Q9H0D2_alphafold.pdb,""{'4_1': 0.35, '3_1#4_1': 0.15, '4_1#4_1': 0.12, '6_1': 0.08, '0_1': 0.06}"",{'4_1': 0.88},1346,44.65408067358533"
"C:/Users/olapr/topoly_tutorial/alphafold_swissprot/Q9H0E3_alphafold.pdb,""{'3_1': 0.31, '3_1#3_1': 0.24, '9_28|9_29': 0.06, 'TooManyCrossings': 0.06}"",{'3_1': 0.81},1048,45.09217172369237"
"C:/Users/olapr/topoly_tutorial/alphafold_swissprot/Q9H2D6_alphafold.pdb,""{'4_1': 0.33, '0_1': 0.23, '3_1': 0.08, '6_1': 0.07, '5_2': 0.06}"",{'4_1': 0.6},2365,40.44371607629374"
"C:/Users/olapr/topoly_tutorial/alphafold_swissprot/Q9H2S9_alphafold.pdb,""{'3_1': 0.35, '0_1': 0.21, '5_1': 0.17, '5_2': 0.1, '7_5': 0.08}"",{'3_1': 0.76},585,49.34013796172701"
"C:/Users/olapr/topoly_tutorial/alphafold_swissprot/Q9H2X6_alphafold.pdb,""{'3_1': 0.39, '0_1': 0.34, '5_2': 0.12}"",{'3_1': 0.61},1198,53.88699956531131"
"C:/Users/olapr/topoly_tutorial/alphafold_swissprot/Q9H3S7_alphafold.pdb,""{'0_1': 0.39, '3_1': 0.31, '4_1': 0.1}"",{'3_1': 0.48},1636,70.86513526378283"
"C:/Users/olapr/topoly_tutorial/alphafold_swissprot/Q9H422_alphafold.pdb,""{'3_1': 0.28, '5_2': 0.16, '0_1': 0.15, '5_1': 0.07}"",{'3_1': 0.78},1215,52.63359774275994"
"C:/Users/olapr/topoly_tutorial/alphafold_swissprot/Q9H792_alphafold.pdb,""{'0_1': 0.25, '3_1': 0.2, '4_1': 0.15, '6_1': 0.06}"",{'3_1': 0.5},1746,48.280869180254996"
"C:/Users/olapr/topoly_tutorial/alphafold_swissprot/Q9H7N4_alphafold.pdb,""{'Unknown': 0.25, '0_1': 0.19, '6_2': 0.12, '8_9': 0.1, 'TooManyCrossings': 0.07, '6_3': 0.06}"",{'0_1': 0.65},1312,47.43973638500023"
"C:/Users/olapr/topoly_tutorial/alphafold_swissprot/Q9H7P9_alphafold.pdb,""{'Unknown': 0.39, '3_1#7_5': 0.19, '7_5': 0.15, 'TooManyCrossings': 0.13}"",{'0_1': 0.0},1386,48.36174351584993"
"C:/Users/olapr/topoly_tutorial/alphafold_swissprot/Q9HAP2_alphafold.pdb,""{'3_1': 0.33, '5_2': 0.17, '0_1': 0.16, '5_1': 0.11}"",{'3_1': 0.82},919,54.64943663950591"
"C:/Users/olapr/topoly_tutorial/alphafold_swissprot/Q9HAW4_alphafold.pdb,""{'3_1': 0.35, '6_2': 0.27, 'Unknown': 0.07, '5_1': 0.06}"",{'3_1': 0.85},1339,51.81036243511068"
"C:/Users/olapr/topoly_tutorial/alphafold_swissprot/Q9HC77_alphafold.pdb,""{'3_1': 0.37, '0_1': 0.2, '6_3': 0.1, '5_2': 0.09}"",{'3_1': 0.77},1338,56.36935306711427"
"C:/Users/olapr/topoly_tutorial/alphafold_swissprot/Q9HCC9_alphafold.pdb,""{'0_1': 0.39, '3_1': 0.26, '4_1': 0.21, '5_2': 0.08}"",{'0_1': 0.99},887,62.250567491479366"
"C:/Users/olapr/topoly_tutorial/alphafold_swissprot/Q9HCJ0_alphafold.pdb,""{'7_6': 0.36, '9_36': 0.11, 'Unknown': 0.08, '9_11': 0.07}"",{'7_6': 0.67},1690,41.1700977698769"
"C:/Users/olapr/topoly_tutorial/alphafold_swissprot/Q9HCK8_alphafold.pdb,""{'3_1': 0.35, '0_1': 0.28, '5_1': 0.12, '4_1': 0.08}"",{'3_1': 0.62},2581,55.150649554228444"
"C:/Users/olapr/topoly_tutorial/alphafold_swissprot/Q9HCM1_alphafold.pdb,""{'3_1': 0.35, 'Unknown': 0.21, '0_1': 0.06}"",{'3_1': 0.64},1747,38.559920838525244"
"C:/Users/olapr/topoly_tutorial/alphafold_swissprot/Q9HCM3_alphafold.pdb,""{'TooManyCrossings': 0.38, 'Unknown': 0.12, '4_1': 0.12, '3_1': 0.09, '3_1#4_1': 0.08}"",{'0_1': 0.0},1950,44.854556476055876"
"C:/Users/olapr/topoly_tutorial/alphafold_swissprot/Q9NPG3_alphafold.pdb,""{'3_1': 0.38, '5_2': 0.2, '0_1': 0.13, '6_3': 0.13, '5_1': 0.06}"",{'3_1': 0.85},1134,56.01097929097889"
"C:/Users/olapr/topoly_tutorial/alphafold_swissprot/Q9NQC3_alphafold.pdb,""{'5_2': 0.2, '3_1': 0.17, '0_1': 0.15, '7_4': 0.13}"",{'5_2': 0.51},1192,41.52892306008532"
"C:/Users/olapr/topoly_tutorial/alphafold_swissprot/Q9NQT8_alphafold.pdb,""{'0_1': 0.32, '3_1': 0.31, '3_1#3_1': 0.07, '5_2': 0.07}"",{'3_1': 0.61},1826,68.11749122314339"
"C:/Users/olapr/topoly_tutorial/alphafold_swissprot/Q9NRM7_alphafold.pdb,""{'3_1': 0.33, '0_1': 0.24, '5_1': 0.13, '3_1#4_1': 0.06}"",{'3_1': 0.71},1088,57.22649456521662"
"C:/Users/olapr/topoly_tutorial/alphafold_swissprot/Q9NSY1_alphafold.pdb,""{'3_1': 0.34, '0_1': 0.14, '6_3': 0.1, '5_2': 0.08}"",{'3_1': 0.82},1161,56.09593684673767"
"C:/Users/olapr/topoly_tutorial/alphafold_swissprot/Q9NWH9_alphafold.pdb,""{'0_1': 0.26, '6_1': 0.11, '4_1': 0.1, '8_12': 0.1, '9_42': 0.09, 'Unknown': 0.06}"",{'4_1': 0.53},1034,53.441942586060435"
"C:/Users/olapr/topoly_tutorial/alphafold_swissprot/Q9NY15_alphafold.pdb,""{'0_1': 0.27, '3_1': 0.26, '3_1#5_2': 0.08, '5_2': 0.08}"",{'3_1': 0.64},2570,67.7360265486734"
"C:/Users/olapr/topoly_tutorial/alphafold_swissprot/Q9NYF0_alphafold.pdb,""{'3_1#3_1': 0.33, '8_10': 0.22, '3_1': 0.13, '6_3': 0.08, '8_18': 0.06, 'Unknown': 0.06}"",{'3_1#3_1': 0.56},836,51.44221450007957"
"C:/Users/olapr/topoly_tutorial/alphafold_swissprot/Q9NYV4_alphafold.pdb,""{'TooManyCrossings': 0.25, 'Unknown': 0.18, '3_1': 0.08, '5_2': 0.07, '6_3': 0.06, '0_1': 0.06}"",{'0_1': 0.51},1490,51.30760634150567"
"C:/Users/olapr/topoly_tutorial/alphafold_swissprot/Q9P227_alphafold.pdb,""{'4_1': 0.21, '0_1': 0.18, '6_1': 0.12, '8_11': 0.07, 'Unknown': 0.07, '6_2': 0.06}"",{'4_1': 0.64},1491,49.78737464936833"
"C:/Users/olapr/topoly_tutorial/alphafold_swissprot/Q9P266_alphafold.pdb,""{'0_1': 0.24, '5_2': 0.17, '3_1': 0.11, '7_3': 0.1, '5_1': 0.07}"",{'3_1': 0.67},1359,42.92565909308755"
"C:/Users/olapr/topoly_tutorial/alphafold_swissprot/Q9P275_alphafold.pdb,""{'0_1': 0.37, '3_1': 0.23, '5_2': 0.19}"",{'3_1': 0.61},1123,56.806520328970514"
"C:/Users/olapr/topoly_tutorial/alphafold_swissprot/Q9P2F8_alphafold.pdb,""{'3_1#3_1': 0.19, 'Unknown': 0.17, '3_1#4_1': 0.17, '3_1': 0.14, '3_1#6_2': 0.11}"",{'3_1': 0.78},1722,56.50565448157393"
"C:/Users/olapr/topoly_tutorial/alphafold_swissprot/Q9P2R6_alphafold.pdb,""{'5_2': 0.29, '3_1': 0.17, '0_1': 0.12, 'Unknown': 0.07}"",{'5_2': 0.48},1566,54.56485172981888"
"C:/Users/olapr/topoly_tutorial/alphafold_swissprot/Q9UFD9_alphafold.pdb,""{'5_2': 0.36, '0_1': 0.28}"",{'5_2': 0.62},1639,58.693152002522766"
"C:/Users/olapr/topoly_tutorial/alphafold_swissprot/Q9UHV7_alphafold.pdb,""{'0_1': 0.3, 'Unknown': 0.19, 'TooManyCrossings': 0.1}"",{'0_1': 0.6},2174,57.311980941036246"
"C:/Users/olapr/topoly_tutorial/alphafold_swissprot/Q9UI36_alphafold.pdb,""{'6_2': 0.24, 'Unknown': 0.21, '8_9': 0.13, '9_43': 0.07, '6_1': 0.07, '10_158': 0.06}"",{'6_2': 0.64},758,57.91602547770663"
"C:/Users/olapr/topoly_tutorial/alphafold_swissprot/Q9UIF8_alphafold.pdb,""{'3_1': 0.29, '0_1': 0.25, '6_2': 0.13, '4_1': 0.1}"",{'3_1': 0.6},2168,55.87160792690158"
"C:/Users/olapr/topoly_tutorial/alphafold_swissprot/Q9UJ55_alphafold.pdb,""{'5_1': 0.26, '3_1': 0.15, '0_1': 0.11}"",{'3_1': 0.8},1249,43.995746157130775"
"C:/Users/olapr/topoly_tutorial/alphafold_swissprot/Q9UJQ4_alphafold.pdb,""{'0_1': 0.32, '3_1': 0.22, '6_3': 0.09, '5_2': 0.08, '6_2': 0.06}"",{'3_1': 0.59},1053,51.44781011692862"
"C:/Users/olapr/topoly_tutorial/alphafold_swissprot/Q9UKA4_alphafold.pdb,""{'0_1': 0.34, '4_1': 0.16, '3_1': 0.16, '5_2': 0.1, '5_1': 0.08, '6_1': 0.06}"",{'0_1': 1.0},1901,45.37931328728209"
"C:/Users/olapr/topoly_tutorial/alphafold_swissprot/Q9UL68_alphafold.pdb,""{'3_1': 0.33, '5_1': 0.26, '0_1': 0.13, '5_2': 0.08}"",{'3_1': 0.81},1186,55.95817858298362"
"C:/Users/olapr/topoly_tutorial/alphafold_swissprot/Q9ULI3_alphafold.pdb,""{'TooManyCrossings': 0.25, '6_1': 0.23, '8_11': 0.16, 'Unknown': 0.09}"",{'0_1': 0.52},1381,42.068592857834105"
"C:/Users/olapr/topoly_tutorial/alphafold_swissprot/Q9ULM3_alphafold.pdb,""{'0_1': 0.39, '3_1': 0.28, '5_2': 0.06}"",{'3_1': 0.55},1422,52.17878447298836"
"C:/Users/olapr/topoly_tutorial/alphafold_swissprot/Q9ULT8_alphafold.pdb,""{'3_1': 0.35, 'Unknown': 0.15, '9_48': 0.12, '5_2': 0.07}"",{'3_1': 0.73},2610,69.22363345318487"
"C:/Users/olapr/topoly_tutorial/alphafold_swissprot/Q9ULV3_alphafold.pdb,""{'6_1': 0.36, '0_1': 0.33, '4_1': 0.19}"",{'4_1': 0.6},898,53.51440136830165"
"C:/Users/olapr/topoly_tutorial/alphafold_swissprot/Q9UPN9_alphafold.pdb,""{'3_1': 0.39, '0_1': 0.3, '5_1': 0.07}"",{'3_1': 0.63},1127,62.091834712670554"
"C:/Users/olapr/topoly_tutorial/alphafold_swissprot/Q9UPP1_alphafold.pdb,""{'3_1': 0.35, '0_1': 0.28, '3_1#3_1': 0.08, '5_2': 0.07}"",{'3_1': 0.65},1060,62.67945417220141"
"C:/Users/olapr/topoly_tutorial/alphafold_swissprot/Q9UPQ9_alphafold.pdb,""{'8_4': 0.37, '10_32': 0.09, 'Unknown': 0.08, '8_11': 0.07}"",{'6_1': 0.64},1833,39.73696812019014"
"C:/Users/olapr/topoly_tutorial/alphafold_swissprot/Q9UPT8_alphafold.pdb,""{'3_1': 0.29, '0_1': 0.26, '5_1': 0.1, '4_1': 0.06}"",{'3_1': 0.64},1303,51.42133881445397"
"C:/Users/olapr/topoly_tutorial/alphafold_swissprot/Q9UPX8_alphafold.pdb,""{'6_2': 0.21, '6_1': 0.13, '0_1': 0.11, 'Unknown': 0.11, '4_1': 0.08}"",{'4_1': 0.6},1470,48.088565283627766"
"C:/Users/olapr/topoly_tutorial/alphafold_swissprot/Q9Y2F5_alphafold.pdb,""{'Unknown': 0.2, '0_1': 0.15, '4_1': 0.14, '8_13': 0.1, '8_8': 0.09}"",{'0_1': 0.63},2266,45.61752906642028"
"C:/Users/olapr/topoly_tutorial/alphafold_swissprot/Q9Y2G1_alphafold.pdb,""{'3_1': 0.37, '3_1#3_1': 0.23, '0_1': 0.12}"",{'3_1': 0.83},1151,61.691552433173335"
"C:/Users/olapr/topoly_tutorial/alphafold_swissprot/Q9Y2K2_alphafold.pdb,""{'4_1': 0.25, '0_1': 0.25, 'TooManyCrossings': 0.12, '3_1#4_1': 0.1, '3_1': 0.09, '4_1#4_1': 0.06}"",{'0_1': 0.81},1321,52.279728506787144"
"C:/Users/olapr/topoly_tutorial/alphafold_swissprot/Q9Y2X9_alphafold.pdb,""{'9_15': 0.36, 'Unknown': 0.19, '7_2': 0.1}"",{'7_2': 0.49},895,47.55445930061651"
"C:/Users/olapr/topoly_tutorial/alphafold_swissprot/Q9Y3S1_alphafold.pdb,""{'Unknown': 0.24, 'TooManyCrossings': 0.14, '10_35': 0.08, '11n_138|11n_79': 0.07, '4_1': 0.06, '8_14': 0.06}"",{'0_1': 0.0},2297,44.17635245181332"
"C:/Users/olapr/topoly_tutorial/alphafold_swissprot/Q9Y4B4_alphafold.pdb,""{'0_1': 0.25, '3_1': 0.15, '6_1': 0.13}"",{'0_1': 0.92},1467,61.93413075780002"
"C:/Users/olapr/topoly_tutorial/alphafold_swissprot/Q9Y4B5_alphafold.pdb,""{'0_1': 0.35, '3_1': 0.23, '6_2': 0.09, '5_2': 0.07}"",{'3_1': 0.57},1905,51.66209210704959"
"C:/Users/olapr/topoly_tutorial/alphafold_swissprot/Q9Y4E1_alphafold.pdb,""{'5_2': 0.39, '8_11': 0.09, 'Unknown': 0.08, '7_6': 0.07}"",{'5_2': 0.69},1320,48.17757745098083"
"C:/Users/olapr/topoly_tutorial/alphafold_swissprot/Q9Y4F3_alphafold.pdb,""{'0_1': 0.37, '4_1': 0.33, '3_1': 0.09}"",{'0_1': 1.0},1742,62.93897947127445"
"C:/Users/olapr/topoly_tutorial/alphafold_swissprot/Q9Y4F5_alphafold.pdb,""{'0_1': 0.28, '3_1': 0.18, '5_2': 0.09, '5_1': 0.09}"",{'3_1': 0.62},1589,47.69003561076592"
"C:/Users/olapr/topoly_tutorial/alphafold_swissprot/Q9Y4G8_alphafold.pdb,""{'6_1': 0.34, 'TooManyCrossings': 0.12, '9_37': 0.1, 'Unknown': 0.09}"",{'6_1': 0.67},1499,60.242214091218415"
"C:/Users/olapr/topoly_tutorial/alphafold_swissprot/Q9Y566_alphafold.pdb,""{'3_1#4_1': 0.27, 'Unknown': 0.13, '9_43': 0.07, '7_6': 0.07, '8_11': 0.06}"",{'4_1': 0.73},2161,48.943096168389076"
"C:/Users/olapr/topoly_tutorial/alphafold_swissprot/Q9Y6H5_alphafold.pdb,""{'5_2': 0.37, '0_1': 0.2, '7_6': 0.14, '3_1': 0.07}"",{'5_2': 0.6},919,52.571269367448835"
"C:/Users/olapr/topoly_tutorial/alphafold_swissprot/Q9Y6J0_alphafold.pdb,""{'4_1': 0.3, '6_1': 0.29}"",{'4_1': 0.89},2220,65.09128012483437"
"C:/Users/olapr/topoly_tutorial/alphafold_swissprot/A1L443_alphafold.pdb,""{'5_2': 0.478, '0_1': 0.174, '7_4': 0.072}"",{'5_2': 0.668},756,52.24817030260382"
"C:/Users/olapr/topoly_tutorial/alphafold_swissprot/O43303_alphafold.pdb,""{'5_1': 0.372, '3_1': 0.262, '5_2': 0.166}"",{'3_1': 0.962},1012,54.89521098375095"
"C:/Users/olapr/topoly_tutorial/alphafold_swissprot/P09936_alphafold.pdb,""{'5_2': 0.418, '0_1': 0.33, '3_1': 0.124}"",{'3_1': 0.608},223,93.43964388282583"
"C:/Users/olapr/topoly_tutorial/alphafold_swissprot/P14651_alphafold.pdb,""{'3_1': 0.432, '0_1': 0.426, '4_1': 0.052}"",{'3_1': 0.506},431,57.86219801345748"
"C:/Users/olapr/topoly_tutorial/alphafold_swissprot/P42566_alphafold.pdb,""{'3_1': 0.456, '0_1': 0.44, '4_1': 0.064}"",{'3_1': 0.492},896,68.43279042951812"
"C:/Users/olapr/topoly_tutorial/alphafold_swissprot/P48681_alphafold.pdb,""{'3_1': 0.396, '0_1': 0.278, 'TooManyCrossings': 0.104}"",{'3_1': 0.526},1621,49.431909229412234"
"C:/Users/olapr/topoly_tutorial/alphafold_swissprot/Q02383_alphafold.pdb,""{'3_1': 0.44, '5_1': 0.206, '5_2': 0.172, '0_1': 0.094}"",{'3_1': 0.906},582,31.321362551529237"
"C:/Users/olapr/topoly_tutorial/alphafold_swissprot/Q05DH4_alphafold.pdb,""{'3_1': 0.442, '0_1': 0.148, '5_2': 0.138, '5_1': 0.124, '7_3': 0.066}"",{'3_1': 0.83},1040,64.87072658444318"
"C:/Users/olapr/topoly_tutorial/alphafold_swissprot/Q14005_alphafold.pdb,""{'4_1': 0.45, '0_1': 0.3, '6_1': 0.072}"",{'4_1': 0.638},1332,51.09045262522612"
"C:/Users/olapr/topoly_tutorial/alphafold_swissprot/Q14766_alphafold.pdb,""{'3_1': 0.454, '0_1': 0.174, '5_2': 0.1}"",{'3_1': 0.786},1721,60.592315919058215"
"C:/Users/olapr/topoly_tutorial/alphafold_swissprot/Q7Z3B3_alphafold.pdb,""{'3_1': 0.472, '0_1': 0.104, '5_2': 0.094, '3_1#3_1': 0.06, '6_3': 0.058}"",{'3_1': 0.876},1105,51.46265678315055"
"C:/Users/olapr/topoly_tutorial/alphafold_swissprot/Q8NE35_alphafold.pdb,""{'3_1': 0.432, '0_1': 0.35, '5_2': 0.058}"",{'3_1': 0.638},698,58.693097460791826"
"C:/Users/olapr/topoly_tutorial/alphafold_swissprot/Q9BVI0_alphafold.pdb,""{'3_1': 0.456, '3_1#3_1': 0.156, '0_1': 0.108, '3_1#4_1': 0.056}"",{'3_1': 0.846},1012,54.31848421312273"
"C:/Users/olapr/topoly_tutorial/alphafold_swissprot/Q9Y2D5_alphafold.pdb,""{'3_1': 0.476, '0_1': 0.12, '3_1#3_1': 0.086, '3_1#4_1': 0.076, '5_1': 0.064}"",{'3_1': 0.868},859,55.80532571084667"
"C:/Users/olapr/topoly_tutorial/alphafold_swissprot/Q9Y6X0_alphafold.pdb,""{'3_1#3_1': 0.402, 'TooManyCrossings': 0.272, '8_18': 0.126, 'Unknown': 0.082}"",{'0_1': 0.0},1596,42.49260512403468"
"C:/Users/olapr/topoly_tutorial/alphafold_swissprot/P22681_alphafold.pdb,""{'3_1': 0.466, '0_1': 0.264, '6_2': 0.08}"",{'3_1': 0.71},906,64.67432656562748"
"C:/Users/olapr/topoly_tutorial/alphafold_swissprot/P35527_alphafold.pdb,""{'3_1': 0.452, '0_1': 0.434}"",{'3_1': 0.534},623,66.20179481294517"
"C:/Users/olapr/topoly_tutorial/alphafold_swissprot/Q12873_alphafold.pdb,""{'5_2': 0.434, '3_1#5_2': 0.144, '7_5': 0.058, '3_1': 0.052}"",{'5_2': 0.818},2000,63.40861229611001"
"C:/Users/olapr/topoly_tutorial/alphafold_swissprot/Q8N8S7_alphafold.pdb,""{'3_1': 0.476, '0_1': 0.46, '5_1': 0.052}"",{'3_1': 0.53},591,72.68842319212706"
"C:/Users/olapr/topoly_tutorial/alphafold_swissprot/Q8NHM5_alphafold.pdb,""{'4_1': 0.466, '0_1': 0.384, '3_1': 0.068}"",{'4_1': 0.494},1336,68.37004299065497"
"C:/Users/olapr/topoly_tutorial/alphafold_swissprot/Q9H9B1_alphafold.pdb,""{'6_2': 0.436, 'Unknown': 0.094, '3_1#4_1': 0.066}"",{'6_2': 0.674},1298,65.0937563195146"
"C:/Users/olapr/topoly_tutorial/alphafold_swissprot/Q9NZM3_alphafold.pdb,""{'4_1': 0.462, '0_1': 0.388, '3_1': 0.078}"",{'4_1': 0.504},1697,73.24542699521781"
"C:/Users/olapr/topoly_tutorial/alphafold_swissprot/O14526_alphafold.pdb,""{'3_1': 0.476, '0_1': 0.32, '5_1': 0.104}"",{'3_1': 0.66},889,71.83929881179427"
"C:/Users/olapr/topoly_tutorial/alphafold_swissprot/P13942_alphafold.pdb,""{'5_1': 0.43, '7_1': 0.094, 'Unknown': 0.08, '3_1#5_1': 0.058}"",{'5_1': 0.776},1736,50.5566914436735"
"C:/Users/olapr/topoly_tutorial/alphafold_swissprot/P25940_alphafold.pdb,""{'0_1': 0.46, '3_1': 0.25, '5_2': 0.094, '4_1': 0.054}"",{'0_1': 0.978},1745,51.23436851638418"
"C:/Users/olapr/topoly_tutorial/alphafold_swissprot/A5PKW4_alphafold.pdb,""{'5_2': 0.448, '0_1': 0.122, '3_1#5_2': 0.07}"",{'5_2': 0.688},1024,56.40470138618996"
"C:/Users/olapr/topoly_tutorial/alphafold_swissprot/A5PL33_alphafold.pdb,""{'3_1': 0.408, '3_1#4_1': 0.11, '3_1#3_1': 0.068}"",{'3_1': 0.93},1030,42.346691361291185"
"C:/Users/olapr/topoly_tutorial/alphafold_swissprot/A6NKB5_alphafold.pdb,""{'0_1': 0.448, '3_1': 0.24, '5_1': 0.08, '5_2': 0.076}"",{'3_1': 0.502},2137,57.64916821477792"
"C:/Users/olapr/topoly_tutorial/alphafold_swissprot/A8MU46_alphafold.pdb,""{'3_1': 0.424, '0_1': 0.33, '5_2': 0.124, '5_1': 0.094}"",{'3_1': 0.668},494,56.66143627054711"
"C:/Users/olapr/topoly_tutorial/alphafold_swissprot/A8TX70_alphafold.pdb,""{'0_1': 0.458, '4_1': 0.314, '3_1#4_1': 0.072}"",{'0_1': 0.982},2615,71.34904294959843"
"C:/Users/olapr/topoly_tutorial/alphafold_swissprot/B1AL46_alphafold.pdb,""{'0_1': 0.404, '3_1': 0.38}"",{'3_1': 0.58},878,46.90694032111506"
"C:/Users/olapr/topoly_tutorial/alphafold_swissprot/B2RXH4_alphafold.pdb,""{'3_1': 0.39, '0_1': 0.296, '5_2': 0.112, '6_3': 0.11}"",{'3_1': 0.692},712,48.98041537053986"
"C:/Users/olapr/topoly_tutorial/alphafold_swissprot/E7EW31_alphafold.pdb,""{'3_1': 0.468, '5_1': 0.148, '0_1': 0.118, '6_2': 0.074}"",{'3_1': 0.832},1015,44.47312756656556"
"C:/Users/olapr/topoly_tutorial/alphafold_swissprot/H3BSY2_alphafold.pdb,""{'3_1': 0.464, '0_1': 0.314, '5_1': 0.096, '5_2': 0.082}"",{'3_1': 0.68},632,67.40698086887211"
"C:/Users/olapr/topoly_tutorial/alphafold_swissprot/O14514_alphafold.pdb,""{'3_1': 0.426, '0_1': 0.24, '5_1': 0.128, '5_2': 0.092}"",{'3_1': 0.738},1584,62.582067974713894"
"C:/Users/olapr/topoly_tutorial/alphafold_swissprot/O14654_alphafold.pdb,""{'3_1': 0.416, '3_1#5_2': 0.164, '3_1#3_1': 0.122, 'Unknown': 0.086}"",{'3_1': 0.904},1257,49.034009779950786"
"C:/Users/olapr/topoly_tutorial/alphafold_swissprot/O14867_alphafold.pdb,""{'0_1': 0.27, '3_1': 0.162, '6_1': 0.134, '5_2': 0.12, '4_1': 0.096, '7_4': 0.08}"",{'3_1': 0.484},736,56.81148995633171"
"C:/Users/olapr/topoly_tutorial/alphafold_swissprot/O15014_alphafold.pdb,""{'0_1': 0.392, '3_1': 0.154, '5_2': 0.096}"",{'3_1': 0.5},1411,45.75635909048017"
"C:/Users/olapr/topoly_tutorial/alphafold_swissprot/O43151_alphafold.pdb,""{'TooManyCrossings': 0.294, '6_1': 0.16, '9_42': 0.078, 'Unknown': 0.054, '6_2': 0.054, '11n_138|11n_79': 0.052}"",{'4_1': 0.524},1795,52.17009386917014"
"C:/Users/olapr/topoly_tutorial/alphafold_swissprot/O43516_alphafold.pdb,""{'0_1': 0.476, '3_1': 0.35, '5_1': 0.086}"",{'3_1': 0.512},503,57.476443156733"
"C:/Users/olapr/topoly_tutorial/alphafold_swissprot/O60242_alphafold.pdb,""{'3_1': 0.424, '0_1': 0.336, '4_1': 0.068, '5_2': 0.054}"",{'3_1': 0.574},1522,62.42468393437146"
"C:/Users/olapr/topoly_tutorial/alphafold_swissprot/O60244_alphafold.pdb,""{'4_1': 0.464, '0_1': 0.296, '6_2': 0.062, '6_1': 0.058, '3_1#4_1': 0.052}"",{'4_1': 0.684},1454,73.85959592379201"
"C:/Users/olapr/topoly_tutorial/alphafold_swissprot/O60307_alphafold.pdb,""{'0_1': 0.398, '3_1': 0.29, '5_2': 0.076, '5_1': 0.064}"",{'3_1': 0.534},1309,57.851645318240564"
"C:/Users/olapr/topoly_tutorial/alphafold_swissprot/O60318_alphafold.pdb,""{'0_1': 0.458, '3_1': 0.17, '5_2': 0.078, '4_1': 0.06}"",{'0_1': 0.988},1980,64.75154402659201"
"C:/Users/olapr/topoly_tutorial/alphafold_swissprot/O94964_alphafold.pdb,""{'0_1': 0.478, '3_1': 0.202, '6_3': 0.072}"",{'0_1': 0.944},1423,58.5253338093541"
"C:/Users/olapr/topoly_tutorial/alphafold_swissprot/O94993_alphafold.pdb,""{'0_1': 0.458, '3_1': 0.194, '5_2': 0.134}"",{'0_1': 0.998},753,50.39939913419869"
"C:/Users/olapr/topoly_tutorial/alphafold_swissprot/O95104_alphafold.pdb,""{'Unknown': 0.368, '5_1': 0.286, '9_6': 0.134, 'TooManyCrossings': 0.074}"",{'5_1': 0.518},1147,54.03254342431747"
"C:/Users/olapr/topoly_tutorial/alphafold_swissprot/P09086_alphafold.pdb,""{'0_1': 0.404, '3_1': 0.36, '5_1': 0.13, '5_2': 0.064}"",{'3_1': 0.58},479,60.2143503609101"
"C:/Users/olapr/topoly_tutorial/alphafold_swissprot/P0C7T5_alphafold.pdb,""{'0_1': 0.468, '3_1': 0.354}"",{'3_1': 0.52},689,50.378856589147425"
"C:/Users/olapr/topoly_tutorial/alphafold_swissprot/P11055_alphafold.pdb,""{'3_1': 0.418, '0_1': 0.36}"",{'3_1': 0.586},1940,74.06191808700012"
"C:/Users/olapr/topoly_tutorial/alphafold_swissprot/P12259_alphafold.pdb,""{'0_1': 0.394, '3_1': 0.142, '4_1': 0.106}"",{'0_1': 0.946},2224,62.25119375211522"
"C:/Users/olapr/topoly_tutorial/alphafold_swissprot/P13533_alphafold.pdb,""{'0_1': 0.474, '3_1': 0.392}"",{'3_1': 0.5},1939,74.47605568297656"
"C:/Users/olapr/topoly_tutorial/alphafold_swissprot/P15374_alphafold.pdb,""{'5_2': 0.414, '0_1': 0.306, '3_1': 0.128}"",{'3_1': 0.63},230,94.81323737099365"
"C:/Users/olapr/topoly_tutorial/alphafold_swissprot/P20908_alphafold.pdb,""{'0_1': 0.468, '3_1': 0.196, '4_1': 0.09}"",{'0_1': 0.974},1838,52.108844430711784"
"C:/Users/olapr/topoly_tutorial/alphafold_swissprot/P23470_alphafold.pdb,""{'3_1': 0.448, '3_1#3_1': 0.424}"",{'3_1': 0.974},1445,73.0047974039645"
"C:/Users/olapr/topoly_tutorial/alphafold_swissprot/P25067_alphafold.pdb,""{'0_1': 0.412, '3_1': 0.184, '4_1': 0.112, '5_2': 0.07, '6_1': 0.058}"",{'0_1': 0.98},703,60.58802861350708"
"C:/Users/olapr/topoly_tutorial/alphafold_swissprot/P27816_alphafold.pdb,""{'Unknown': 0.376, 'TooManyCrossings': 0.156, '5_1': 0.136, '3_1': 0.074}"",{'0_1': 0.0},1152,43.23774955699928"
"C:/Users/olapr/topoly_tutorial/alphafold_swissprot/P46379_alphafold.pdb,""{'3_1': 0.44, '0_1': 0.376}"",{'3_1': 0.592},1132,58.54845851216042"
"C:/Users/olapr/topoly_tutorial/alphafold_swissprot/P54253_alphafold.pdb,""{'0_1': 0.478, '3_1': 0.282, '5_1': 0.074, '4_1': 0.074, '5_2': 0.054}"",{'0_1': 0.998},815,51.739235668789455"
"C:/Users/olapr/topoly_tutorial/alphafold_swissprot/P61567_alphafold.pdb,""{'0_1': 0.434, '4_1': 0.212, '3_1': 0.108, '5_2': 0.078}"",{'0_1': 0.99},588,70.45096836254811"
"C:/Users/olapr/topoly_tutorial/alphafold_swissprot/Q01804_alphafold.pdb,""{'5_2': 0.474, '0_1': 0.128, '7_4': 0.072, '7_3': 0.07, '3_1#5_2': 0.058}"",{'5_2': 0.788},1114,49.400399450612596"
"C:/Users/olapr/topoly_tutorial/alphafold_swissprot/Q02156_alphafold.pdb,""{'3_1': 0.456, '0_1': 0.252, '5_2': 0.162, '5_1': 0.06}"",{'3_1': 0.732},737,79.68246255956494"
"C:/Users/olapr/topoly_tutorial/alphafold_swissprot/Q05215_alphafold.pdb,""{'0_1': 0.476, '3_1': 0.374, '5_2': 0.078}"",{'3_1': 0.504},589,51.492288545748075"
"C:/Users/olapr/topoly_tutorial/alphafold_swissprot/Q08050_alphafold.pdb,""{'3_1': 0.47, '3_1#3_1': 0.254, '5_2': 0.086}"",{'3_1': 0.958},763,51.07628817276831"
"C:/Users/olapr/topoly_tutorial/alphafold_swissprot/Q08AD1_alphafold.pdb,""{'3_1': 0.454, '0_1': 0.15, '5_2': 0.14, '5_1': 0.074}"",{'3_1': 0.822},1489,57.37791730215308"
"C:/Users/olapr/topoly_tutorial/alphafold_swissprot/Q10571_alphafold.pdb,""{'Unknown': 0.472, 'TooManyCrossings': 0.346, '9_27': 0.056, '11a_110|11a_4': 0.054}"",{'0_1': 0.0},1320,43.274287056367505"
"C:/Users/olapr/topoly_tutorial/alphafold_swissprot/Q12879_alphafold.pdb,""{'3_1': 0.444, '5_1': 0.188, '8_19': 0.078, '3_1#3_1': 0.072, '0_1': 0.06}"",{'3_1': 0.88},1464,60.41926856552712"
"C:/Users/olapr/topoly_tutorial/alphafold_swissprot/Q13111_alphafold.pdb,""{'0_1': 0.396, '4_1': 0.39, '6_1': 0.084}"",{'4_1': 0.564},956,58.76218029070553"
"C:/Users/olapr/topoly_tutorial/alphafold_swissprot/Q13495_alphafold.pdb,""{'0_1': 0.408, '3_1': 0.292, '4_1': 0.132, '5_1': 0.094}"",{'0_1': 1.0},774,44.44439780709289"
"C:/Users/olapr/topoly_tutorial/alphafold_swissprot/Q13627_alphafold.pdb,""{'3_1': 0.478, '0_1': 0.15, '5_1': 0.136, '5_2': 0.072, '3_1#3_1': 0.072}"",{'3_1': 0.832},763,67.13246135948171"
"C:/Users/olapr/topoly_tutorial/alphafold_swissprot/Q13936_alphafold.pdb,""{'0_1': 0.446, '4_1': 0.118, '6_1': 0.082, '3_1': 0.076}"",{'0_1': 0.98},2221,62.40907960057026"
"C:/Users/olapr/topoly_tutorial/alphafold_swissprot/Q14676_alphafold.pdb,""{'3_1': 0.3, '0_1': 0.264, '5_2': 0.122, '3_1#3_1': 0.08, '5_1': 0.068}"",{'3_1': 0.704},2089,40.67606622266926"
"C:/Users/olapr/topoly_tutorial/alphafold_swissprot/Q14957_alphafold.pdb,""{'3_1': 0.462, '0_1': 0.366}"",{'3_1': 0.54},1233,67.9724296891508"
"C:/Users/olapr/topoly_tutorial/alphafold_swissprot/Q15583_alphafold.pdb,""{'5_1': 0.41, '3_1': 0.194, '5_2': 0.162, '0_1': 0.082}"",{'5_1': 0.498},401,59.36114938721472"
"C:/Users/olapr/topoly_tutorial/alphafold_swissprot/Q15643_alphafold.pdb,""{'3_1': 0.384, '0_1': 0.246, '5_1': 0.118, '5_2': 0.078}"",{'3_1': 0.72},1979,66.77869581582098"
"C:/Users/olapr/topoly_tutorial/alphafold_swissprot/Q15648_alphafold.pdb,""{'3_1': 0.358, '5_1': 0.13, '3_1#3_1': 0.11, '0_1': 0.07}"",{'3_1': 0.864},1581,51.29562335791107"
"C:/Users/olapr/topoly_tutorial/alphafold_swissprot/Q15746_alphafold.pdb,""{'0_1': 0.476, '3_1': 0.212, '4_1': 0.13, '5_2': 0.06}"",{'0_1': 0.998},1914,64.56806914281826"
"C:/Users/olapr/topoly_tutorial/alphafold_swissprot/Q17R89_alphafold.pdb,""{'0_1': 0.472, '3_1': 0.32, '4_1': 0.13}"",{'0_1': 1.0},818,66.22652389323947"
"C:/Users/olapr/topoly_tutorial/alphafold_swissprot/Q1XH10_alphafold.pdb,""{'0_1': 0.438, '3_1': 0.278, '4_1': 0.058}"",{'3_1': 0.492},908,49.14254195601831"
"C:/Users/olapr/topoly_tutorial/alphafold_swissprot/Q2KHR3_alphafold.pdb,""{'TooManyCrossings': 0.398, '3_1': 0.186, '6_2': 0.07}"",{'3_1': 0.508},1735,44.36095955056165"
"C:/Users/olapr/topoly_tutorial/alphafold_swissprot/Q2KJY2_alphafold.pdb,""{'TooManyCrossings': 0.412, 'Unknown': 0.272, '9_38': 0.144, '12n_798': 0.074}"",{'0_1': 0.0},2108,46.02500733278085"
"C:/Users/olapr/topoly_tutorial/alphafold_swissprot/Q2M1Z3_alphafold.pdb,""{'TooManyCrossings': 0.388, 'Unknown': 0.382, '7_1': 0.106}"",{'0_1': 0.0},1444,42.85982220609565"
"C:/Users/olapr/topoly_tutorial/alphafold_swissprot/Q3T8J9_alphafold.pdb,""{'Unknown': 0.366, '0_1': 0.202, '3_1#6_2': 0.076}"",{'0_1': 0.51},2241,48.81560585197843"
"C:/Users/olapr/topoly_tutorial/alphafold_swissprot/Q3V6T2_alphafold.pdb,""{'5_2': 0.356, '0_1': 0.27, '3_1#3_1': 0.188, '3_1': 0.088}"",{'3_1': 0.686},1871,66.99015725140364"
"C:/Users/olapr/topoly_tutorial/alphafold_swissprot/Q5JPB2_alphafold.pdb,""{'0_1': 0.384, '3_1': 0.312, '5_2': 0.084, '4_1': 0.078}"",{'3_1': 0.502},1677,37.689392340289494"
"C:/Users/olapr/topoly_tutorial/alphafold_swissprot/Q5QGS0_alphafold.pdb,""{'TooManyCrossings': 0.464, '3_1#4_1': 0.202, '4_1#7_6': 0.068}"",{'0_1': 0.0},1516,40.988643374520045"
"C:/Users/olapr/topoly_tutorial/alphafold_swissprot/Q5T0Z8_alphafold.pdb,""{'8_14': 0.454, 'Unknown': 0.222, '6_2': 0.054}"",{'8_14': 0.526},1188,47.44454888076723"
"C:/Users/olapr/topoly_tutorial/alphafold_swissprot/Q5T200_alphafold.pdb,""{'Unknown': 0.394, 'TooManyCrossings': 0.368, '7_1': 0.154}"",{'0_1': 0.0},1668,47.38449220732164"
"C:/Users/olapr/topoly_tutorial/alphafold_swissprot/Q5T481_alphafold.pdb,""{'3_1': 0.39, '3_1#4_1': 0.104, '3_1#3_1': 0.06}"",{'3_1': 0.912},1227,48.31979034307514"
"C:/Users/olapr/topoly_tutorial/alphafold_swissprot/Q5T5Y3_alphafold.pdb,""{'4_1': 0.362, '0_1': 0.168, '6_2': 0.068, '3_1#4_1': 0.06}"",{'4_1': 0.672},1602,56.016276408451496"
"C:/Users/olapr/topoly_tutorial/alphafold_swissprot/Q5T749_alphafold.pdb,""{'0_1': 0.402, '3_1': 0.234, '4_1': 0.122}"",{'0_1': 0.996},579,50.4257673378068"
"C:/Users/olapr/topoly_tutorial/alphafold_swissprot/Q5T7B8_alphafold.pdb,""{'3_1': 0.438, '0_1': 0.266, '6_3': 0.07, '5_2': 0.064}"",{'3_1': 0.718},1368,52.82128020228492"
"C:/Users/olapr/topoly_tutorial/alphafold_swissprot/Q5TAX3_alphafold.pdb,""{'3_1': 0.414, '0_1': 0.29, '5_2': 0.07, '5_1': 0.062}"",{'3_1': 0.64},1644,63.92493608501469"
"C:/Users/olapr/topoly_tutorial/alphafold_swissprot/Q5TCQ9_alphafold.pdb,""{'0_1': 0.45, '3_1': 0.178, '4_1': 0.122, '5_2': 0.118}"",{'0_1': 1.0},1481,60.2302706714404"
"C:/Users/olapr/topoly_tutorial/alphafold_swissprot/Q5THK1_alphafold.pdb,""{'TooManyCrossings': 0.384, 'Unknown': 0.174, '10_16': 0.132, '8_11': 0.056}"",{'0_1': 0.0},2151,35.0979260866942"
"C:/Users/olapr/topoly_tutorial/alphafold_swissprot/Q5TIE3_alphafold.pdb,""{'3_1': 0.452, '0_1': 0.39}"",{'3_1': 0.56},1220,66.8397597533753"
"C:/Users/olapr/topoly_tutorial/alphafold_swissprot/Q5VV67_alphafold.pdb,""{'TooManyCrossings': 0.46, 'Unknown': 0.336, '12n_230|12n_41': 0.096}"",{'0_1': 0.0},1664,42.27685345518698"
"C:/Users/olapr/topoly_tutorial/alphafold_swissprot/Q641Q2_alphafold.pdb,""{'3_1': 0.464, '0_1': 0.108, '5_1': 0.094}"",{'3_1': 0.856},1341,48.055222007722435"
"C:/Users/olapr/topoly_tutorial/alphafold_swissprot/Q68CZ2_alphafold.pdb,""{'0_1': 0.344, '4_1': 0.18, '5_2': 0.122, '3_1': 0.09, '6_1': 0.052}"",{'0_1': 0.964},1445,57.91950114416563"
"C:/Users/olapr/topoly_tutorial/alphafold_swissprot/Q68DN1_alphafold.pdb,""{'Unknown': 0.352, '8_2': 0.254, '6_2': 0.12, '8_11': 0.06}"",{'6_2': 0.562},1984,35.029633999365785"
"C:/Users/olapr/topoly_tutorial/alphafold_swissprot/Q68EM7_alphafold.pdb,""{'3_1': 0.474, '0_1': 0.182, '5_1': 0.14, '5_2': 0.136}"",{'3_1': 0.812},881,65.62903485254584"
"C:/Users/olapr/topoly_tutorial/alphafold_swissprot/Q6AHZ1_alphafold.pdb,""{'0_1': 0.396, '3_1': 0.2, '5_2': 0.078, '4_1': 0.07}"",{'3_1': 0.504},1483,41.140223248653285"
"C:/Users/olapr/topoly_tutorial/alphafold_swissprot/Q6NV74_alphafold.pdb,""{'0_1': 0.424, '3_1': 0.17, '4_1': 0.124, '6_2': 0.054}"",{'0_1': 0.99},962,49.742723220504814"
"C:/Users/olapr/topoly_tutorial/alphafold_swissprot/Q6PD62_alphafold.pdb,""{'3_1': 0.454, '0_1': 0.376, '3_1#3_1': 0.07}"",{'3_1': 0.576},1173,76.13522095623478"
"C:/Users/olapr/topoly_tutorial/alphafold_swissprot/Q6PRD1_alphafold.pdb,""{'TooManyCrossings': 0.358, '5_1': 0.232, 'Unknown': 0.178, '9_36': 0.074}"",{'0_1': 0.0},2367,43.08458753183358"
"C:/Users/olapr/topoly_tutorial/alphafold_swissprot/Q6ZMQ8_alphafold.pdb,""{'Unknown': 0.414, '8_17': 0.2, 'TooManyCrossings': 0.128, '10_119': 0.112}"",{'0_1': 0.0},1374,49.1196331628641"
"C:/Users/olapr/topoly_tutorial/alphafold_swissprot/Q6ZNL6_alphafold.pdb,""{'0_1': 0.382, '4_1': 0.194, '3_1': 0.108, '6_1': 0.108, '5_2': 0.062}"",{'0_1': 0.992},1462,53.990541384230546"
"C:/Users/olapr/topoly_tutorial/alphafold_swissprot/Q6ZVD8_alphafold.pdb,""{'0_1': 0.378, '3_1': 0.292, '5_1': 0.076, '4_1': 0.062}"",{'3_1': 0.526},1323,75.45940644156865"
"C:/Users/olapr/topoly_tutorial/alphafold_swissprot/Q70CQ4_alphafold.pdb,""{'0_1': 0.456, '3_1': 0.164, '4_1': 0.124, '6_1': 0.084}"",{'0_1': 0.99},1352,58.563267923061574"
"C:/Users/olapr/topoly_tutorial/alphafold_swissprot/Q7L311_alphafold.pdb,""{'0_1': 0.44, '3_1': 0.286, '5_2': 0.122}"",{'3_1': 0.548},632,64.31679895901104"
"C:/Users/olapr/topoly_tutorial/alphafold_swissprot/Q7Z5M5_alphafold.pdb,""{'3_1': 0.426, '0_1': 0.338, '5_2': 0.072}"",{'3_1': 0.6},1100,59.774133844939016"
"C:/Users/olapr/topoly_tutorial/alphafold_swissprot/Q7Z6J0_alphafold.pdb,""{'0_1': 0.42, '5_2': 0.126, '3_1': 0.118, '4_1': 0.094}"",{'0_1': 0.994},888,58.925901789812656"
"C:/Users/olapr/topoly_tutorial/alphafold_swissprot/Q8IWC1_alphafold.pdb,""{'0_1': 0.46, '6_3': 0.18, '4_1': 0.082, '3_1': 0.07}"",{'0_1': 0.998},876,55.949972391746314"
"C:/Users/olapr/topoly_tutorial/alphafold_swissprot/Q8IWZ3_alphafold.pdb,""{'Unknown': 0.422, 'TooManyCrossings': 0.2, '5_2': 0.056}"",{'0_1': 0.0},2542,54.17123075294918"
"C:/Users/olapr/topoly_tutorial/alphafold_swissprot/Q8IX03_alphafold.pdb,""{'3_1': 0.368, '5_1': 0.32, '0_1': 0.09, '5_2': 0.058}"",{'3_1': 0.888},1113,61.501418826739595"
"C:/Users/olapr/topoly_tutorial/alphafold_swissprot/Q8N2Y8_alphafold.pdb,""{'TooManyCrossings': 0.468, 'Unknown': 0.19, '5_2': 0.154}"",{'0_1': 0.0},1516,46.14830523435426"
"C:/Users/olapr/topoly_tutorial/alphafold_swissprot/Q8N307_alphafold.pdb,""{'3_1': 0.43, '0_1': 0.32, '3_1#4_1': 0.062, '3_1#3_1': 0.06}"",{'3_1': 0.676},709,50.069474935605136"
"C:/Users/olapr/topoly_tutorial/alphafold_swissprot/Q8N7X0_alphafold.pdb,""{'4_1': 0.45, '0_1': 0.324, '3_1': 0.09}"",{'4_1': 0.564},1667,67.73449723178156"
"C:/Users/olapr/topoly_tutorial/alphafold_swissprot/Q8N9V7_alphafold.pdb,""{'0_1': 0.402, '3_1': 0.136, '4_1': 0.112, 'TooManyCrossings': 0.076}"",{'0_1': 0.89},1692,51.64852103729169"
"C:/Users/olapr/topoly_tutorial/alphafold_swissprot/Q8NA70_alphafold.pdb,""{'3_1': 0.438, '0_1': 0.354, '5_1': 0.144}"",{'3_1': 0.612},645,49.449844050828254"
"C:/Users/olapr/topoly_tutorial/alphafold_swissprot/Q8NDH2_alphafold.pdb,""{'0_1': 0.47, '3_1': 0.172, '4_1': 0.082}"",{'0_1': 0.978},2452,33.90269027727973"
"C:/Users/olapr/topoly_tutorial/alphafold_swissprot/Q8WW38_alphafold.pdb,""{'0_1': 0.364, '4_1': 0.206, '3_1': 0.104}"",{'0_1': 0.958},1151,51.948292682927274"
"C:/Users/olapr/topoly_tutorial/alphafold_swissprot/Q8WWI1_alphafold.pdb,""{'0_1': 0.41, '4_1': 0.192, '6_1': 0.128, '3_1': 0.088}"",{'0_1': 0.984},1683,50.92322137742667"
"C:/Users/olapr/topoly_tutorial/alphafold_swissprot/Q8WXE0_alphafold.pdb,""{'3_1': 0.398, '0_1': 0.274, '3_1#3_1': 0.134, '6_2': 0.052}"",{'3_1': 0.722},1202,58.74174896428158"
"C:/Users/olapr/topoly_tutorial/alphafold_swissprot/Q92539_alphafold.pdb,""{'0_1': 0.448, '7_2': 0.134, '6_1': 0.102, '5_2': 0.074, '3_1': 0.06, '4_1': 0.056}"",{'0_1': 0.984},896,60.921330091533726"
"C:/Users/olapr/topoly_tutorial/alphafold_swissprot/Q92628_alphafold.pdb,""{'4_1': 0.418, '3_1#4_1': 0.108, '8_12': 0.092}"",{'4_1': 0.9},1395,41.74717840029475"
"C:/Users/olapr/topoly_tutorial/alphafold_swissprot/Q92766_alphafold.pdb,""{'Unknown': 0.304, 'TooManyCrossings': 0.238, '3_1#7_7': 0.126, '8_11': 0.064}"",{'0_1': 0.0},1687,48.66098119442946"
"C:/Users/olapr/topoly_tutorial/alphafold_swissprot/Q92833_alphafold.pdb,""{'0_1': 0.428, '3_1': 0.388, '5_2': 0.074}"",{'3_1': 0.556},1246,63.400027740676094"
"C:/Users/olapr/topoly_tutorial/alphafold_swissprot/Q96JI7_alphafold.pdb,""{'6_2': 0.418, '8_4': 0.094, 'Unknown': 0.072}"",{'6_2': 0.75},2443,67.08398378130232"
"C:/Users/olapr/topoly_tutorial/alphafold_swissprot/Q96MT3_alphafold.pdb,""{'0_1': 0.364, '6_2': 0.252, '3_1': 0.096, '6_1': 0.068}"",{'3_1': 0.526},831,55.503665404995346"
"C:/Users/olapr/topoly_tutorial/alphafold_swissprot/Q96NW7_alphafold.pdb,""{'0_1': 0.368, '6_2': 0.084, '4_1': 0.076, '6_1': 0.074, 'Unknown': 0.072, '3_1': 0.064}"",{'0_1': 0.904},1537,53.152223871978194"
"C:/Users/olapr/topoly_tutorial/alphafold_swissprot/Q96P44_alphafold.pdb,""{'0_1': 0.426, '3_1': 0.374, '5_2': 0.086}"",{'3_1': 0.54},957,69.74245283018843"
"C:/Users/olapr/topoly_tutorial/alphafold_swissprot/Q96PC5_alphafold.pdb,""{'3_1#5_2': 0.42, '9_16': 0.11, 'Unknown': 0.102, '3_1': 0.084}"",{'3_1#3_1': 0.668},1412,54.99290437255494"
"C:/Users/olapr/topoly_tutorial/alphafold_swissprot/Q96QF7_alphafold.pdb,""{'0_1': 0.478, '3_1': 0.206, '3_1#3_1': 0.082, '4_1': 0.052, '6_2': 0.052}"",{'0_1': 1.0},691,59.13029887218129"
"C:/Users/olapr/topoly_tutorial/alphafold_swissprot/Q99569_alphafold.pdb,""{'3_1': 0.428, '0_1': 0.192, '5_2': 0.1, '5_1': 0.068, '3_1#3_1': 0.066}"",{'3_1': 0.772},1192,57.88499298888988"
"C:/Users/olapr/topoly_tutorial/alphafold_swissprot/Q9BQI5_alphafold.pdb,""{'0_1': 0.414, '3_1': 0.292, '5_2': 0.132}"",{'3_1': 0.556},828,60.639291626869884"
"C:/Users/olapr/topoly_tutorial/alphafold_swissprot/Q9BTA9_alphafold.pdb,""{'3_1': 0.458, '5_2': 0.34, '0_1': 0.072}"",{'3_1': 0.928},647,55.55033219247046"
"C:/Users/olapr/topoly_tutorial/alphafold_swissprot/Q9BYP7_alphafold.pdb,""{'Unknown': 0.37, '0_1': 0.14, '6_3': 0.068, '8_16': 0.056}"",{'0_1': 0.49},1800,48.55666091706256"
"C:/Users/olapr/topoly_tutorial/alphafold_swissprot/Q9C0C7_alphafold.pdb,""{'3_1': 0.428, '3_1#3_1': 0.198, '6_3': 0.104, 'Unknown': 0.054}"",{'3_1': 0.928},1298,49.69020450917861"
"C:/Users/olapr/topoly_tutorial/alphafold_swissprot/Q9C0D2_alphafold.pdb,""{'Unknown': 0.424, '7_1': 0.218, 'TooManyCrossings': 0.168}"",{'0_1': 0.0},2601,43.97202294860588"
"C:/Users/olapr/topoly_tutorial/alphafold_swissprot/Q9C0G0_alphafold.pdb,""{'6_2': 0.402, '4_1': 0.126, '6_1': 0.09}"",{'6_2': 0.618},2248,46.003969814375964"
"C:/Users/olapr/topoly_tutorial/alphafold_swissprot/Q9H0B3_alphafold.pdb,""{'0_1': 0.4, '6_3': 0.126, 'Unknown': 0.098, '3_1': 0.066, 'TooManyCrossings': 0.054}"",{'0_1': 0.83},1180,46.182577146690576"
"C:/Users/olapr/topoly_tutorial/alphafold_swissprot/Q9H0J4_alphafold.pdb,""{'0_1': 0.428, '4_1': 0.164, '5_2': 0.088, '3_1': 0.08}"",{'0_1': 0.96},1663,44.67547487793371"
"C:/Users/olapr/topoly_tutorial/alphafold_swissprot/Q9H4L7_alphafold.pdb,""{'3_1': 0.43, '0_1': 0.29, '5_2': 0.082, '3_1#3_1': 0.078}"",{'3_1': 0.706},1026,67.8944980554202"
"C:/Users/olapr/topoly_tutorial/alphafold_swissprot/Q9H6A9_alphafold.pdb,""{'0_1': 0.402, '3_1': 0.22, '5_2': 0.086, '4_1': 0.086}"",{'0_1': 0.962},2034,61.22732954182357"
"C:/Users/olapr/topoly_tutorial/alphafold_swissprot/Q9H7S9_alphafold.pdb,""{'3_1': 0.376, '0_1': 0.352, '6_2': 0.088, '4_1': 0.058}"",{'3_1': 0.548},590,50.88963188688484"
"C:/Users/olapr/topoly_tutorial/alphafold_swissprot/Q9H992_alphafold.pdb,""{'3_1': 0.31, '0_1': 0.254, '5_2': 0.116, '5_1': 0.096, '8_19': 0.06}"",{'3_1': 0.718},704,50.18822205963062"
"C:/Users/olapr/topoly_tutorial/alphafold_swissprot/Q9H9P5_alphafold.pdb,""{'0_1': 0.436, '3_1': 0.382, '5_2': 0.056}"",{'3_1': 0.562},680,66.69568396681439"
"C:/Users/olapr/topoly_tutorial/alphafold_swissprot/Q9HBR0_alphafold.pdb,""{'0_1': 0.398, '3_1': 0.332, '4_1': 0.052}"",{'3_1': 0.484},1119,54.8439118031621"
"C:/Users/olapr/topoly_tutorial/alphafold_swissprot/Q9HCD6_alphafold.pdb,""{'3_1': 0.424, '0_1': 0.21, '3_1#3_1': 0.072, '5_1': 0.072}"",{'3_1': 0.716},1990,60.27893127793265"
"C:/Users/olapr/topoly_tutorial/alphafold_swissprot/Q9HCE6_alphafold.pdb,""{'3_1': 0.47, '0_1': 0.242, '5_2': 0.052}"",{'3_1': 0.71},1279,67.11567732115614"
"C:/Users/olapr/topoly_tutorial/alphafold_swissprot/Q9HCH0_alphafold.pdb,""{'TooManyCrossings': 0.396, '4_1': 0.206, '6_1': 0.126}"",{'4_1': 0.494},1334,48.12112211558139"
"C:/Users/olapr/topoly_tutorial/alphafold_swissprot/Q9HCM7_alphafold.pdb,""{'3_1': 0.442, '0_1': 0.344}"",{'3_1': 0.62},1045,46.42265332143225"
"C:/Users/olapr/topoly_tutorial/alphafold_swissprot/Q9NRJ4_alphafold.pdb,""{'0_1': 0.46, '3_1': 0.252, '3_1#3_1': 0.052, '4_1': 0.052}"",{'0_1': 0.972},1543,53.98359582702426"
"C:/Users/olapr/topoly_tutorial/alphafold_swissprot/Q9NSC2_alphafold.pdb,""{'3_1': 0.396, '5_2': 0.174, '5_1': 0.168, '3_1#3_1': 0.058}"",{'3_1': 0.98},1324,49.96921614477393"
"C:/Users/olapr/topoly_tutorial/alphafold_swissprot/Q9NZW4_alphafold.pdb,""{'0_1': 0.426, '4_1': 0.228, '3_1': 0.106}"",{'0_1': 0.976},1301,39.04309604643543"
"C:/Users/olapr/topoly_tutorial/alphafold_swissprot/Q9P2F5_alphafold.pdb,""{'3_1': 0.438, '5_1': 0.208, '0_1': 0.122}"",{'3_1': 0.852},926,49.7882333333332"
"C:/Users/olapr/topoly_tutorial/alphafold_swissprot/Q9P2J2_alphafold.pdb,""{'0_1': 0.474, '3_1': 0.362, '5_1': 0.076}"",{'3_1': 0.49},1179,66.99475929243246"
"C:/Users/olapr/topoly_tutorial/alphafold_swissprot/Q9UHB7_alphafold.pdb,""{'0_1': 0.476, '3_1': 0.162, '4_1': 0.118, '6_2': 0.058}"",{'0_1': 0.992},1163,54.287097026604116"
"C:/Users/olapr/topoly_tutorial/alphafold_swissprot/Q9UIF9_alphafold.pdb,""{'0_1': 0.404, '4_1': 0.128, '3_1': 0.118, '5_2': 0.094}"",{'0_1': 0.97},1905,56.60254957507079"
"C:/Users/olapr/topoly_tutorial/alphafold_swissprot/Q9UKV3_alphafold.pdb,""{'3_1': 0.386, '0_1': 0.312, '5_1': 0.06, '7_5': 0.052}"",{'3_1': 0.656},1341,51.162392344497086"
"C:/Users/olapr/topoly_tutorial/alphafold_swissprot/Q9UKX2_alphafold.pdb,""{'0_1': 0.448, '3_1': 0.37}"",{'3_1': 0.526},1941,73.62726610429424"
"C:/Users/olapr/topoly_tutorial/alphafold_swissprot/Q9ULI4_alphafold.pdb,""{'0_1': 0.398, '3_1': 0.244}"",{'3_1': 0.512},1882,48.3761331673016"
"C:/Users/olapr/topoly_tutorial/alphafold_swissprot/Q9ULL1_alphafold.pdb,""{'0_1': 0.462, '3_1': 0.16, '5_2': 0.138}"",{'0_1': 0.968},1385,50.88046236952924"
"C:/Users/olapr/topoly_tutorial/alphafold_swissprot/Q9ULL8_alphafold.pdb,""{'3_1': 0.474, '0_1': 0.144, '3_1#3_1': 0.13}"",{'3_1': 0.826},1493,48.11856920549831"
"C:/Users/olapr/topoly_tutorial/alphafold_swissprot/Q9UM47_alphafold.pdb,""{'3_1': 0.386, '0_1': 0.204, 'Unknown': 0.09}"",{'3_1': 0.668},2321,62.43701579040778"
"C:/Users/olapr/topoly_tutorial/alphafold_swissprot/Q9UPN6_alphafold.pdb,""{'0_1': 0.426, '3_1': 0.172, '4_1': 0.094, '6_1': 0.078, '5_2': 0.058}"",{'0_1': 0.986},1271,52.15344636189379"
"C:/Users/olapr/topoly_tutorial/alphafold_swissprot/Q9UPQ0_alphafold.pdb,""{'0_1': 0.428, '3_1': 0.306, '5_2': 0.062}"",{'3_1': 0.512},1083,56.83947386881891"
"C:/Users/olapr/topoly_tutorial/alphafold_swissprot/Q9UPX0_alphafold.pdb,""{'6_1': 0.434, '4_1': 0.184, '8_12': 0.08, '0_1': 0.078}"",{'6_1': 0.59},1349,62.633339435398774"
"C:/Users/olapr/topoly_tutorial/alphafold_swissprot/Q9Y2K6_alphafold.pdb,""{'0_1': 0.448, '4_1': 0.338, '3_1': 0.07}"",{'0_1': 0.99},914,73.35132030704831"
"C:/Users/olapr/topoly_tutorial/alphafold_swissprot/Q9Y4H2_alphafold.pdb,""{'TooManyCrossings': 0.462, 'Unknown': 0.38, '10_117': 0.066}"",{'0_1': 0.0},1338,48.3153738608123"
"C:/Users/olapr/topoly_tutorial/alphafold_swissprot/Q9Y6Q9_alphafold.pdb,""{'3_1': 0.436, '0_1': 0.28, '6_2': 0.054}"",{'3_1': 0.678},1424,48.8565096340004"
